Date,For,Against
2016-06-12 09,2.0,0.0
2016-06-12 10,7.0,0.0
2016-06-12 11,9.0,0.0
2016-06-12 12,17.0,0.0
2016-06-12 13,18.0,0.0
2016-06-12 14,22.0,0.0
2016-06-12 15,22.0,0.0
2016-06-12 16,22.0,0.0
2016-06-12 17,25.0,0.0
2016-06-12 18,26.0,0.0
2016-06-12 19,26.0,0.0
2016-06-12 20,27.0,0.0
2016-06-12 21,27.0,0.0
2016-06-12 22,27.0,0.0
2016-06-12 23,27.0,0.0
2016-06-13 00,28.0,0.0
2016-06-13 01,29.0,0.0
2016-06-13 02,29.0,0.0
2016-06-13 03,29.0,0.0
2016-06-13 04,29.0,0.0
2016-06-13 05,29.0,0.0
2016-06-13 06,29.0,0.0
2016-06-13 07,29.0,0.0
2016-06-13 08,29.0,0.0
2016-06-13 09,29.0,0.0
2016-06-13 10,29.0,0.0
2016-06-13 11,29.0,0.0
2016-06-13 12,29.0,0.0
2016-06-13 13,29.0,0.0
2016-06-13 14,29.0,0.0
2016-06-13 15,29.0,0.0
2016-06-13 16,29.0,0.0
2016-06-13 17,30.0,0.0
2016-06-13 18,30.0,0.0
2016-06-13 19,30.0,0.0
2016-06-13 20,30.0,0.0
2016-06-13 21,30.0,0.0
2016-06-13 22,30.0,0.0
2016-06-13 23,30.0,0.0
2016-06-14 00,30.0,0.0
2016-06-14 01,30.0,0.0
2016-06-14 02,30.0,0.0
2016-06-14 03,31.0,0.0
2016-06-14 04,31.0,0.0
2016-06-14 05,31.0,0.0
2016-06-14 06,31.0,0.0
2016-06-14 07,31.0,0.0
2016-06-14 08,31.0,0.0
2016-06-14 09,31.0,0.0
2016-06-14 10,31.0,0.0
2016-06-14 11,31.0,0.0
2016-06-14 12,31.0,0.0
2016-06-14 13,31.0,0.0
2016-06-14 14,31.0,0.0
2016-06-14 15,34.0,0.0
2016-06-14 16,39.0,0.0
2016-06-14 17,44.0,0.0
2016-06-14 18,44.0,0.0
2016-06-14 19,46.0,0.0
2016-06-14 20,52.0,0.0
2016-06-14 21,60.0,0.0
2016-06-14 22,63.0,0.0
2016-06-14 23,69.0,0.0
2016-06-15 00,73.0,0.0
2016-06-15 01,76.0,0.0
2016-06-15 02,92.0,0.0
2016-06-15 03,98.0,0.0
2016-06-15 04,102.0,0.0
2016-06-15 05,107.0,0.0
2016-06-15 06,111.0,0.0
2016-06-15 07,115.0,0.0
2016-06-15 08,117.0,0.0
2016-06-15 09,117.0,0.0
2016-06-15 10,119.0,0.0
2016-06-15 11,122.0,0.0
2016-06-15 12,129.0,0.0
2016-06-15 13,132.0,0.0
2016-06-15 14,171.0,0.0
2016-06-15 15,194.0,0.0
2016-06-15 16,219.0,0.0
2016-06-15 17,238.0,0.0
2016-06-15 18,286.0,0.0
2016-06-15 19,325.0,0.0
2016-06-15 20,338.0,0.0
2016-06-15 21,354.0,0.0
2016-06-15 22,366.0,0.0
2016-06-15 23,375.0,0.0
2016-06-16 00,386.0,0.0
2016-06-16 01,403.0,0.0
2016-06-16 02,410.0,0.0
2016-06-16 03,416.0,0.0
2016-06-16 04,425.0,0.0
2016-06-16 05,430.0,0.0
2016-06-16 06,432.0,0.0
2016-06-16 07,433.0,0.0
2016-06-16 08,435.0,0.0
2016-06-16 09,439.0,0.0
2016-06-16 10,440.0,0.0
2016-06-16 11,444.0,0.0
2016-06-16 12,446.0,0.0
2016-06-16 13,449.0,0.0
2016-06-16 14,451.0,0.0
2016-06-16 15,459.0,0.0
2016-06-16 16,470.0,0.0
2016-06-16 17,478.0,0.0
2016-06-16 18,482.0,0.0
2016-06-16 19,487.0,0.0
2016-06-16 20,488.0,0.0
2016-06-16 21,492.0,0.0
2016-06-16 22,497.0,0.0
2016-06-16 23,503.0,0.0
2016-06-17 00,506.0,0.0
2016-06-17 01,513.0,0.0
2016-06-17 02,524.0,0.0
2016-06-17 03,525.0,0.0
2016-06-17 04,528.0,0.0
2016-06-17 05,545.0,0.0
2016-06-17 06,552.0,0.0
2016-06-17 07,557.0,0.0
2016-06-17 08,560.0,0.0
2016-06-17 09,560.0,0.0
2016-06-17 10,564.0,0.0
2016-06-17 11,566.0,0.0
2016-06-17 12,603.0,0.0
2016-06-17 13,639.0,0.0
2016-06-17 14,673.0,0.0
2016-06-17 15,692.0,0.0
2016-06-17 16,703.0,0.0
2016-06-17 17,716.0,0.0
2016-06-17 18,722.0,0.0
2016-06-17 19,727.0,0.0
2016-06-17 20,734.0,0.0
2016-06-17 21,751.0,0.0
2016-06-17 22,755.0,0.0
2016-06-17 23,759.0,0.0
2016-06-18 00,760.0,0.0
2016-06-18 01,766.0,0.0
2016-06-18 02,774.0,0.0
2016-06-18 03,777.0,0.0
2016-06-18 04,781.0,0.0
2016-06-18 05,784.0,0.0
2016-06-18 06,784.0,0.0
2016-06-18 07,786.0,0.0
2016-06-18 08,786.0,0.0
2016-06-18 09,786.0,0.0
2016-06-18 10,786.0,0.0
2016-06-18 11,788.0,0.0
2016-06-18 12,788.0,0.0
2016-06-18 13,790.0,0.0
2016-06-18 14,812.0,0.0
2016-06-18 15,838.0,0.0
2016-06-18 16,839.0,0.0
2016-06-18 17,842.0,0.0
2016-06-18 18,844.0,0.0
2016-06-18 19,858.0,0.0
2016-06-18 20,869.0,0.0
2016-06-18 21,878.0,0.0
2016-06-18 22,881.0,0.0
2016-06-18 23,881.0,0.0
2016-06-19 00,884.0,0.0
2016-06-19 01,885.0,0.0
2016-06-19 02,887.0,0.0
2016-06-19 03,889.0,0.0
2016-06-19 04,889.0,0.0
2016-06-19 05,890.0,0.0
2016-06-19 06,891.0,0.0
2016-06-19 07,891.0,0.0
2016-06-19 08,891.0,0.0
2016-06-19 09,892.0,0.0
2016-06-19 10,895.0,0.0
2016-06-19 11,896.0,0.0
2016-06-19 12,896.0,0.0
2016-06-19 13,898.0,0.0
2016-06-19 14,898.0,0.0
2016-06-19 15,898.0,0.0
2016-06-19 16,898.0,0.0
2016-06-19 17,899.0,0.0
2016-06-19 18,908.0,0.0
2016-06-19 19,909.0,0.0
2016-06-19 20,911.0,0.0
2016-06-19 21,911.0,0.0
2016-06-19 22,914.0,0.0
2016-06-19 23,920.0,0.0
2016-06-20 00,922.0,0.0
2016-06-20 01,925.0,0.0
2016-06-20 02,925.0,0.0
2016-06-20 03,927.0,0.0
2016-06-20 04,927.0,0.0
2016-06-20 05,928.0,0.0
2016-06-20 06,928.0,0.0
2016-06-20 07,928.0,0.0
2016-06-20 08,929.0,0.0
2016-06-20 09,929.0,0.0
2016-06-20 10,930.0,0.0
2016-06-20 11,930.0,0.0
2016-06-20 12,930.0,0.0
2016-06-20 13,930.0,0.0
2016-06-20 14,942.0,0.0
2016-06-20 15,999.0,0.0
2016-06-20 16,1017.0,0.0
2016-06-20 17,1022.0,0.0
2016-06-20 18,1052.0,0.0
2016-06-20 19,1059.0,0.0
2016-06-20 20,1064.0,0.0
2016-06-20 21,1072.0,0.0
2016-06-20 22,1078.0,0.0
2016-06-20 23,1081.0,0.0
2016-06-21 00,1086.0,0.0
2016-06-21 01,1089.0,0.0
2016-06-21 02,1091.0,0.0
2016-06-21 03,1101.0,0.0
2016-06-21 04,1103.0,0.0
2016-06-21 05,1103.0,0.0
2016-06-21 06,1103.0,0.0
2016-06-21 07,1110.0,0.0
2016-06-21 08,1111.0,0.0
2016-06-21 09,1111.0,0.0
2016-06-21 10,1111.0,0.0
2016-06-21 11,1111.0,0.0
2016-06-21 12,1113.0,0.0
2016-06-21 13,1115.0,0.0
2016-06-21 14,1117.0,0.0
2016-06-21 15,1117.0,0.0
2016-06-21 16,1121.0,0.0
2016-06-21 17,1121.0,0.0
2016-06-21 18,1123.0,0.0
2016-06-21 19,1125.0,0.0
2016-06-21 20,1127.0,0.0
2016-06-21 21,1128.0,0.0
2016-06-21 22,1128.0,0.0
2016-06-21 23,1129.0,0.0
2016-06-22 00,1133.0,0.0
2016-06-22 01,1133.0,0.0
2016-06-22 02,1133.0,0.0
2016-06-22 03,1141.0,0.0
2016-06-22 04,1144.0,0.0
2016-06-22 05,1144.0,0.0
2016-06-22 06,1144.0,0.0
2016-06-22 07,1146.0,0.0
2016-06-22 08,1146.0,0.0
2016-06-22 09,1146.0,0.0
2016-06-22 10,1147.0,0.0
2016-06-22 11,1148.0,0.0
2016-06-22 12,1152.0,0.0
2016-06-22 13,1154.0,0.0
2016-06-22 14,1156.0,0.0
2016-06-22 15,1156.0,0.0
2016-06-22 16,1156.0,0.0
2016-06-22 17,1156.0,0.0
2016-06-22 18,1156.0,0.0
2016-06-22 19,1156.0,0.0
2016-06-22 20,1156.0,0.0
2016-06-22 21,1156.0,0.0
2016-06-22 22,1156.0,0.0
2016-06-22 23,1156.0,0.0
2016-06-23 00,1156.0,0.0
2016-06-23 01,1156.0,0.0
2016-06-23 02,1156.0,0.0
2016-06-23 03,1156.0,0.0
2016-06-23 04,1161.0,0.0
2016-06-23 05,1161.0,0.0
2016-06-23 06,1161.0,0.0
2016-06-23 07,1161.0,0.0
2016-06-23 08,1161.0,0.0
2016-06-23 09,1163.0,0.0
2016-06-23 10,1163.0,0.0
2016-06-23 11,1163.0,0.0
2016-06-23 12,1163.0,0.0
2016-06-23 13,1163.0,0.0
2016-06-23 14,1163.0,0.0
2016-06-23 15,1163.0,0.0
2016-06-23 16,1163.0,0.0
2016-06-23 17,1163.0,0.0
2016-06-23 18,1163.0,0.0
2016-06-23 19,1163.0,0.0
2016-06-23 20,1163.0,0.0
2016-06-23 21,1163.0,0.0
2016-06-23 22,1163.0,0.0
2016-06-23 23,1163.0,0.0
2016-06-24 00,1163.0,0.0
2016-06-24 01,1163.0,0.0
2016-06-24 02,1163.0,0.0
2016-06-24 03,1163.0,0.0
2016-06-24 04,1164.0,0.0
2016-06-24 05,1165.0,0.0
2016-06-24 06,1165.0,0.0
2016-06-24 07,1165.0,0.0
2016-06-24 08,1165.0,0.0
2016-06-24 09,1165.0,0.0
2016-06-24 10,1165.0,0.0
2016-06-24 11,1165.0,0.0
2016-06-24 12,1165.0,0.0
2016-06-24 13,1167.0,0.0
2016-06-24 14,1168.0,0.0
2016-06-24 15,1169.0,0.0
2016-06-24 16,1169.0,0.0
2016-06-24 17,1169.0,0.0
2016-06-24 18,1171.0,0.0
2016-06-24 19,1171.0,0.0
2016-06-24 20,1171.0,0.0
2016-06-24 21,1172.0,0.0
2016-06-24 22,1177.0,0.0
2016-06-24 23,1177.0,0.0
2016-06-25 00,1177.0,0.0
2016-06-25 01,1177.0,0.0
2016-06-25 02,1177.0,0.0
2016-06-25 03,1177.0,0.0
2016-06-25 04,1177.0,0.0
2016-06-25 05,1177.0,0.0
2016-06-25 06,1177.0,0.0
2016-06-25 07,1179.0,0.0
2016-06-25 08,1179.0,0.0
2016-06-25 09,1179.0,0.0
2016-06-25 10,1179.0,0.0
2016-06-25 11,1179.0,0.0
2016-06-25 12,1183.0,0.0
2016-06-25 13,1187.0,0.0
2016-06-25 14,1187.0,0.0
2016-06-25 15,1187.0,0.0
2016-06-25 16,1187.0,0.0
2016-06-25 17,1188.0,0.0
2016-06-25 18,1193.0,0.0
2016-06-25 19,1193.0,0.0
2016-06-25 20,1196.0,0.0
2016-06-25 21,1197.0,0.0
2016-06-25 22,1197.0,0.0
2016-06-25 23,1197.0,0.0
2016-06-26 00,1197.0,0.0
2016-06-26 01,1201.0,0.0
2016-06-26 02,1203.0,0.0
2016-06-26 03,1203.0,0.0
2016-06-26 04,1204.0,0.0
2016-06-26 05,1204.0,0.0
2016-06-26 06,1204.0,0.0
2016-06-26 07,1205.0,0.0
2016-06-26 08,1205.0,0.0
2016-06-26 09,1205.0,0.0
2016-06-26 10,1205.0,0.0
2016-06-26 11,1205.0,0.0
2016-06-26 12,1205.0,0.0
2016-06-26 13,1205.0,0.0
2016-06-26 14,1205.0,0.0
2016-06-26 15,1205.0,0.0
2016-06-26 16,1205.0,0.0
2016-06-26 17,1205.0,0.0
2016-06-26 18,1205.0,0.0
2016-06-26 19,1205.0,0.0
2016-06-26 20,1205.0,0.0
2016-06-26 21,1205.0,0.0
2016-06-26 22,1205.0,0.0
2016-06-26 23,1205.0,0.0
2016-06-27 00,1205.0,0.0
2016-06-27 01,1205.0,0.0
2016-06-27 02,1205.0,0.0
2016-06-27 03,1205.0,0.0
2016-06-27 04,1205.0,0.0
2016-06-27 05,1205.0,0.0
2016-06-27 06,1205.0,0.0
2016-06-27 07,1205.0,0.0
2016-06-27 08,1205.0,0.0
2016-06-27 09,1205.0,0.0
2016-06-27 10,1205.0,0.0
2016-06-27 11,1205.0,0.0
2016-06-27 12,1205.0,0.0
2016-06-27 13,1205.0,0.0
2016-06-27 14,1205.0,0.0
2016-06-27 15,1205.0,0.0
2016-06-27 16,1205.0,0.0
2016-06-27 17,1205.0,0.0
2016-06-27 18,1206.0,0.0
2016-06-27 19,1208.0,0.0
2016-06-27 20,1208.0,0.0
2016-06-27 21,1208.0,0.0
2016-06-27 22,1209.0,0.0
2016-06-27 23,1209.0,0.0
2016-06-28 00,1210.0,0.0
2016-06-28 01,1211.0,0.0
2016-06-28 02,1211.0,0.0
2016-06-28 03,1211.0,0.0
2016-06-28 04,1211.0,0.0
2016-06-28 05,1211.0,0.0
2016-06-28 06,1213.0,0.0
2016-06-28 07,1213.0,0.0
2016-06-28 08,1214.0,0.0
2016-06-28 09,1214.0,0.0
2016-06-28 10,1214.0,0.0
2016-06-28 11,1215.0,0.0
2016-06-28 12,1215.0,0.0
2016-06-28 13,1215.0,0.0
2016-06-28 14,1216.0,0.0
2016-06-28 15,1217.0,0.0
2016-06-28 16,1217.0,0.0
2016-06-28 17,1217.0,0.0
2016-06-28 18,1217.0,0.0
2016-06-28 19,1217.0,0.0
2016-06-28 20,1217.0,0.0
2016-06-28 21,1217.0,0.0
2016-06-28 22,1217.0,0.0
2016-06-28 23,1217.0,0.0
2016-06-29 00,1217.0,0.0
2016-06-29 01,1217.0,0.0
2016-06-29 02,1217.0,0.0
2016-06-29 03,1217.0,0.0
2016-06-29 04,1217.0,0.0
2016-06-29 05,1217.0,0.0
2016-06-29 06,1217.0,0.0
2016-06-29 07,1217.0,0.0
2016-06-29 08,1217.0,0.0
2016-06-29 09,1217.0,0.0
2016-06-29 10,1217.0,0.0
2016-06-29 11,1217.0,0.0
2016-06-29 12,1217.0,0.0
2016-06-29 13,1217.0,0.0
2016-06-29 14,1217.0,0.0
2016-06-29 15,1217.0,0.0
2016-06-29 16,1219.0,0.0
2016-06-29 17,1221.0,0.0
2016-06-29 18,1221.0,0.0
2016-06-29 19,1221.0,0.0
2016-06-29 20,1221.0,0.0
2016-06-29 21,1221.0,0.0
2016-06-29 22,1222.0,0.0
2016-06-29 23,1222.0,0.0
2016-06-30 00,1222.0,0.0
2016-06-30 01,1222.0,0.0
2016-06-30 02,1222.0,0.0
2016-06-30 03,1222.0,0.0
2016-06-30 04,1222.0,0.0
2016-06-30 05,1222.0,0.0
2016-06-30 06,1223.0,0.0
2016-06-30 07,1223.0,0.0
2016-06-30 08,1223.0,0.0
2016-06-30 09,1223.0,0.0
2016-06-30 10,1223.0,0.0
2016-06-30 11,1223.0,0.0
2016-06-30 12,1223.0,0.0
2016-06-30 13,1223.0,0.0
2016-06-30 14,1223.0,0.0
2016-06-30 15,1223.0,0.0
2016-06-30 16,1223.0,0.0
2016-06-30 17,1223.0,0.0
2016-06-30 18,1224.0,0.0
2016-06-30 19,1225.0,0.0
2016-06-30 20,1226.0,0.0
2016-06-30 21,1226.0,0.0
2016-06-30 22,1227.0,0.0
2016-06-30 23,1227.0,0.0
2016-07-01 00,1227.0,0.0
2016-07-01 01,1227.0,0.0
2016-07-01 02,1231.0,0.0
2016-07-01 03,1231.0,0.0
2016-07-01 04,1231.0,0.0
2016-07-01 05,1232.0,0.0
2016-07-01 06,1232.0,0.0
2016-07-01 07,1232.0,0.0
2016-07-01 08,1232.0,0.0
2016-07-01 09,1232.0,0.0
2016-07-01 10,1232.0,0.0
2016-07-01 11,1232.0,0.0
2016-07-01 12,1232.0,0.0
2016-07-01 13,1232.0,0.0
2016-07-01 14,1232.0,0.0
2016-07-01 15,1232.0,0.0
2016-07-01 16,1234.0,0.0
2016-07-01 17,1234.0,0.0
2016-07-01 18,1234.0,0.0
2016-07-01 19,1235.0,0.0
2016-07-01 20,1235.0,0.0
2016-07-01 21,1236.0,0.0
2016-07-01 22,1237.0,0.0
2016-07-01 23,1237.0,0.0
2016-07-02 00,1237.0,0.0
2016-07-02 01,1238.0,0.0
2016-07-02 02,1238.0,0.0
2016-07-02 03,1238.0,0.0
2016-07-02 04,1238.0,0.0
2016-07-02 05,1239.0,0.0
2016-07-02 06,1239.0,0.0
2016-07-02 07,1239.0,0.0
2016-07-02 08,1239.0,0.0
2016-07-02 09,1239.0,0.0
2016-07-02 10,1239.0,0.0
2016-07-02 11,1239.0,0.0
2016-07-02 12,1239.0,0.0
2016-07-02 13,1239.0,0.0
2016-07-02 14,1239.0,0.0
2016-07-02 15,1239.0,0.0
2016-07-02 16,1241.0,0.0
2016-07-02 17,1241.0,0.0
2016-07-02 18,1242.0,0.0
2016-07-02 19,1242.0,0.0
2016-07-02 20,1242.0,0.0
2016-07-02 21,1242.0,0.0
2016-07-02 22,1242.0,0.0
2016-07-02 23,1242.0,0.0
2016-07-03 00,1242.0,0.0
2016-07-03 01,1242.0,0.0
2016-07-03 02,1242.0,0.0
2016-07-03 03,1242.0,0.0
2016-07-03 04,1242.0,0.0
2016-07-03 05,1242.0,0.0
2016-07-03 06,1242.0,0.0
2016-07-03 07,1242.0,0.0
2016-07-03 08,1243.0,0.0
2016-07-03 09,1243.0,0.0
2016-07-03 10,1243.0,0.0
2016-07-03 11,1243.0,0.0
2016-07-03 12,1243.0,0.0
2016-07-03 13,1243.0,0.0
2016-07-03 14,1243.0,0.0
2016-07-03 15,1244.0,0.0
2016-07-03 16,1244.0,0.0
2016-07-03 17,1244.0,0.0
2016-07-03 18,1244.0,0.0
2016-07-03 19,1244.0,0.0
2016-07-03 20,1244.0,0.0
2016-07-03 21,1244.0,0.0
2016-07-03 22,1244.0,0.0
2016-07-03 23,1245.0,0.0
2016-07-04 00,1245.0,0.0
2016-07-04 01,1245.0,0.0
2016-07-04 02,1245.0,0.0
2016-07-04 03,1245.0,0.0
2016-07-04 04,1245.0,0.0
2016-07-04 05,1245.0,0.0
2016-07-04 06,1245.0,0.0
2016-07-04 07,1245.0,0.0
2016-07-04 08,1245.0,0.0
2016-07-04 09,1245.0,0.0
2016-07-04 10,1245.0,0.0
2016-07-04 11,1245.0,0.0
2016-07-04 12,1245.0,0.0
2016-07-04 13,1245.0,0.0
2016-07-04 14,1245.0,0.0
2016-07-04 15,1246.0,0.0
2016-07-04 16,1246.0,0.0
2016-07-04 17,1246.0,0.0
2016-07-04 18,1247.0,0.0
2016-07-04 19,1247.0,0.0
2016-07-04 20,1249.0,0.0
2016-07-04 21,1249.0,0.0
2016-07-04 22,1249.0,0.0
2016-07-04 23,1249.0,0.0
2016-07-05 00,1251.0,0.0
2016-07-05 01,1252.0,0.0
2016-07-05 02,1254.0,0.0
2016-07-05 03,1256.0,0.0
2016-07-05 04,1256.0,0.0
2016-07-05 05,1256.0,0.0
2016-07-05 06,1256.0,0.0
2016-07-05 07,1256.0,0.0
2016-07-05 08,1256.0,0.0
2016-07-05 09,1256.0,0.0
2016-07-05 10,1256.0,0.0
2016-07-05 11,1256.0,0.0
2016-07-05 12,1256.0,0.0
2016-07-05 13,1257.0,0.0
2016-07-05 14,1257.0,0.0
2016-07-05 15,1257.0,0.0
2016-07-05 16,1259.0,0.0
2016-07-05 17,1259.0,0.0
2016-07-05 18,1259.0,0.0
2016-07-05 19,1262.0,0.0
2016-07-05 20,1262.0,0.0
2016-07-05 21,1262.0,0.0
2016-07-05 22,1262.0,0.0
2016-07-05 23,1262.0,0.0
2016-07-06 00,1262.0,0.0
2016-07-06 01,1262.0,0.0
2016-07-06 02,1262.0,0.0
2016-07-06 03,1262.0,0.0
2016-07-06 04,1262.0,0.0
2016-07-06 05,1262.0,0.0
2016-07-06 06,1263.0,0.0
2016-07-06 07,1263.0,0.0
2016-07-06 08,1263.0,0.0
2016-07-06 09,1275.0,0.0
2016-07-06 10,1291.0,0.0
2016-07-06 11,1307.0,0.0
2016-07-06 12,1315.0,0.0
2016-07-06 13,1335.0,0.0
2016-07-06 14,1346.0,0.0
2016-07-06 15,1363.0,0.0
2016-07-06 16,1426.0,0.0
2016-07-06 17,1508.0,0.0
2016-07-06 18,1570.0,0.0
2016-07-06 19,1627.0,0.0
2016-07-06 20,1717.0,0.0
2016-07-06 21,1759.0,0.0
2016-07-06 22,1775.0,0.0
2016-07-06 23,1812.0,0.0
2016-07-07 00,1842.0,0.0
2016-07-07 01,1859.0,0.0
2016-07-07 02,1874.0,0.0
2016-07-07 03,1894.0,0.0
2016-07-07 04,1900.0,0.0
2016-07-07 05,1905.0,0.0
2016-07-07 06,1910.0,0.0
2016-07-07 07,1917.0,0.0
2016-07-07 08,1920.0,0.0
2016-07-07 09,1921.0,0.0
2016-07-07 10,1924.0,0.0
2016-07-07 11,1943.0,0.0
2016-07-07 12,1955.0,0.0
2016-07-07 13,1968.0,0.0
2016-07-07 14,1973.0,0.0
2016-07-07 15,1978.0,0.0
2016-07-07 16,1981.0,0.0
2016-07-07 17,1985.0,0.0
2016-07-07 18,1995.0,0.0
2016-07-07 19,2009.0,0.0
2016-07-07 20,2015.0,0.0
2016-07-07 21,2019.0,0.0
2016-07-07 22,2024.0,0.0
2016-07-07 23,2037.0,0.0
2016-07-08 00,2050.0,0.0
2016-07-08 01,2097.0,0.0
2016-07-08 02,2152.0,0.0
2016-07-08 03,2152.0,0.0
2016-07-08 04,2152.0,0.0
2016-07-08 05,2152.0,0.0
2016-07-08 06,2152.0,0.0
2016-07-08 07,2152.0,0.0
2016-07-08 08,2152.0,0.0
2016-07-08 09,2152.0,0.0
2016-07-08 10,2152.0,0.0
2016-07-08 11,2152.0,0.0
2016-07-08 12,2152.0,0.0
2016-07-08 13,2152.0,0.0
2016-07-08 14,2152.0,0.0
2016-07-08 15,2152.0,0.0
2016-07-08 16,2152.0,0.0
2016-07-08 17,2152.0,0.0
2016-07-08 18,2152.0,0.0
2016-07-08 19,2152.0,0.0
2016-07-08 20,2152.0,0.0
2016-07-08 21,2152.0,0.0
2016-07-08 22,2242.0,64.0
2016-07-08 23,2368.0,140.0
2016-07-09 00,2474.0,159.0
2016-07-09 01,2627.0,167.0
2016-07-09 02,2852.0,174.0
2016-07-09 03,2962.0,175.0
2016-07-09 04,3135.0,176.0
2016-07-09 05,3304.0,243.0
2016-07-09 06,3361.0,265.0
2016-07-09 07,3395.0,273.0
2016-07-09 08,3417.0,274.0
2016-07-09 09,3469.0,276.0
2016-07-09 10,3502.0,279.0
2016-07-09 11,3579.0,411.0
2016-07-09 12,3666.0,525.0
2016-07-09 13,3785.0,620.0
2016-07-09 14,3921.0,720.0
2016-07-09 15,4015.0,786.0
2016-07-09 16,4109.0,810.0
2016-07-09 17,4240.0,826.0
2016-07-09 18,4346.0,840.0
2016-07-09 19,4440.0,867.0
2016-07-09 20,4526.0,883.0
2016-07-09 21,4604.0,897.0
2016-07-09 22,4690.0,905.0
2016-07-09 23,4762.0,988.0
2016-07-10 00,4820.0,998.0
2016-07-10 01,4910.0,1003.0
2016-07-10 02,4998.0,1012.0
2016-07-10 03,5046.0,1015.0
2016-07-10 04,5129.0,1028.0
2016-07-10 05,5214.0,1035.0
2016-07-10 06,5296.0,1037.0
2016-07-10 07,5318.0,1047.0
2016-07-10 08,5345.0,1054.0
2016-07-10 09,5360.0,1057.0
2016-07-10 10,5375.0,1060.0
2016-07-10 11,5393.0,1066.0
2016-07-10 12,5436.0,1068.0
2016-07-10 13,5481.0,1075.0
2016-07-10 14,5567.0,1078.0
2016-07-10 15,5676.0,1085.0
2016-07-10 16,5771.0,1090.0
2016-07-10 17,5851.0,1093.0
2016-07-10 18,5900.0,1100.0
2016-07-10 19,5935.0,1105.0
2016-07-10 20,5964.0,1108.0
2016-07-10 21,5986.0,1111.0
2016-07-10 22,6007.0,1114.0
2016-07-10 23,6029.0,1115.0
2016-07-11 00,6061.0,1115.0
2016-07-11 01,6074.0,1116.0
2016-07-11 02,6075.0,1116.0
2016-07-11 03,6075.0,1116.0
2016-07-11 04,6075.0,1116.0
2016-07-11 05,6075.0,1116.0
2016-07-11 06,6075.0,1116.0
2016-07-11 07,6075.0,1116.0
2016-07-11 08,6075.0,1116.0
2016-07-11 09,6075.0,1116.0
2016-07-11 10,6075.0,1116.0
2016-07-11 11,6075.0,1116.0
2016-07-11 12,6075.0,1116.0
2016-07-11 13,6075.0,1116.0
2016-07-11 14,6075.0,1116.0
2016-07-11 15,6075.0,1116.0
2016-07-11 16,6075.0,1116.0
2016-07-11 17,6075.0,1116.0
2016-07-11 18,6075.0,1116.0
2016-07-11 19,6075.0,1116.0
2016-07-11 20,6075.0,1116.0
2016-07-11 21,6079.0,1116.0
2016-07-11 22,6092.0,1116.0
2016-07-11 23,6109.0,1116.0
2016-07-12 00,6122.0,1117.0
2016-07-12 01,6168.0,1118.0
2016-07-12 02,6205.0,1119.0
2016-07-12 03,6240.0,1120.0
2016-07-12 04,6252.0,1121.0
2016-07-12 05,6258.0,1123.0
2016-07-12 06,6266.0,1124.0
2016-07-12 07,6271.0,1124.0
2016-07-12 08,6273.0,1124.0
2016-07-12 09,6275.0,1124.0
2016-07-12 10,6279.0,1124.0
2016-07-12 11,6281.0,1124.0
2016-07-12 12,6288.0,1125.0
2016-07-12 13,6295.0,1125.0
2016-07-12 14,6314.0,1125.0
2016-07-12 15,6326.0,1125.0
2016-07-12 16,6334.0,1125.0
2016-07-12 17,6341.0,1125.0
2016-07-12 18,6354.0,1125.0
2016-07-12 19,6369.0,1125.0
2016-07-12 20,6379.0,1126.0
2016-07-12 21,6431.0,1126.0
2016-07-12 22,6448.0,1126.0
2016-07-12 23,6469.0,1126.0
2016-07-13 00,6480.0,1126.0
2016-07-13 01,6485.0,1126.0
2016-07-13 02,6493.0,1126.0
2016-07-13 03,6500.0,1126.0
2016-07-13 04,6502.0,1127.0
2016-07-13 05,6502.0,1127.0
2016-07-13 06,6503.0,1127.0
2016-07-13 07,6507.0,1127.0
2016-07-13 08,6511.0,1127.0
2016-07-13 09,6511.0,1127.0
2016-07-13 10,6515.0,1127.0
2016-07-13 11,6517.0,1230.0
2016-07-13 12,6520.0,1250.0
2016-07-13 13,6522.0,1260.0
2016-07-13 14,6529.0,1267.0
2016-07-13 15,6531.0,1269.0
2016-07-13 16,6533.0,1273.0
2016-07-13 17,6535.0,1278.0
2016-07-13 18,6540.0,1280.0
2016-07-13 19,6561.0,1280.0
2016-07-13 20,6580.0,1280.0
2016-07-13 21,6593.0,1280.0
2016-07-13 22,6601.0,1280.0
2016-07-13 23,6610.0,1281.0
2016-07-14 00,6614.0,1282.0
2016-07-14 01,6620.0,1282.0
2016-07-14 02,6626.0,1282.0
2016-07-14 03,6629.0,1284.0
2016-07-14 04,6637.0,1284.0
2016-07-14 05,6640.0,1284.0
2016-07-14 06,6642.0,1285.0
2016-07-14 07,6642.0,1286.0
2016-07-14 08,6642.0,1286.0
2016-07-14 09,6643.0,1286.0
2016-07-14 10,6646.0,1286.0
2016-07-14 11,6647.0,1286.0
2016-07-14 12,6650.0,1287.0
2016-07-14 13,6654.0,1287.0
2016-07-14 14,6655.0,1288.0
2016-07-14 15,6660.0,1288.0
2016-07-14 16,6664.0,1288.0
2016-07-14 17,6669.0,1288.0
2016-07-14 18,6670.0,1288.0
2016-07-14 19,6671.0,1288.0
2016-07-14 20,6673.0,1288.0
2016-07-14 21,6673.0,1377.0
2016-07-14 22,6691.0,1476.0
2016-07-14 23,6698.0,1489.0
2016-07-15 00,6699.0,1497.0
2016-07-15 01,6702.0,1503.0
2016-07-15 02,6705.0,1503.0
2016-07-15 03,6707.0,1503.0
2016-07-15 04,6721.0,1505.0
2016-07-15 05,6721.0,1506.0
2016-07-15 06,6722.0,1506.0
2016-07-15 07,6723.0,1506.0
2016-07-15 08,6724.0,1506.0
2016-07-15 09,6725.0,1506.0
2016-07-15 10,6725.0,1506.0
2016-07-15 11,6727.0,1506.0
2016-07-15 12,6728.0,1508.0
2016-07-15 13,6729.0,1513.0
2016-07-15 14,6730.0,1514.0
2016-07-15 15,6733.0,1514.0
2016-07-15 16,6735.0,1514.0
2016-07-15 17,6736.0,1514.0
2016-07-15 18,6743.0,1515.0
2016-07-15 19,6752.0,1516.0
2016-07-15 20,6753.0,1516.0
2016-07-15 21,6755.0,1516.0
2016-07-15 22,6758.0,1516.0
2016-07-15 23,6758.0,1516.0
2016-07-16 00,6761.0,1517.0
2016-07-16 01,6763.0,1517.0
2016-07-16 02,6763.0,1517.0
2016-07-16 03,6767.0,1517.0
2016-07-16 04,6776.0,1519.0
2016-07-16 05,6783.0,1519.0
2016-07-16 06,6787.0,1519.0
2016-07-16 07,6788.0,1519.0
2016-07-16 08,6799.0,1519.0
2016-07-16 09,6800.0,1519.0
2016-07-16 10,6800.0,1519.0
2016-07-16 11,6800.0,1519.0
2016-07-16 12,6800.0,1519.0
2016-07-16 13,6800.0,1519.0
2016-07-16 14,6800.0,1519.0
2016-07-16 15,6800.0,1519.0
2016-07-16 16,6800.0,1519.0
2016-07-16 17,6800.0,1519.0
2016-07-16 18,6800.0,1519.0
2016-07-16 19,6800.0,1519.0
2016-07-16 20,6800.0,1519.0
2016-07-16 21,6800.0,1519.0
2016-07-16 22,6800.0,1519.0
2016-07-16 23,6800.0,1519.0
2016-07-17 00,6800.0,1519.0
2016-07-17 01,6800.0,1519.0
2016-07-17 02,6800.0,1519.0
2016-07-17 03,6800.0,1519.0
2016-07-17 04,6800.0,1519.0
2016-07-17 05,6800.0,1519.0
2016-07-17 06,6800.0,1519.0
2016-07-17 07,6800.0,1519.0
2016-07-17 08,6800.0,1519.0
2016-07-17 09,6800.0,1519.0
2016-07-17 10,6800.0,1519.0
2016-07-17 11,6800.0,1519.0
2016-07-17 12,6800.0,1519.0
2016-07-17 13,6800.0,1519.0
2016-07-17 14,6800.0,1519.0
2016-07-17 15,6809.0,1519.0
2016-07-17 16,6827.0,1520.0
2016-07-17 17,6858.0,1521.0
2016-07-17 18,6883.0,1523.0
2016-07-17 19,6924.0,1523.0
2016-07-17 20,6965.0,1523.0
2016-07-17 21,6982.0,1524.0
2016-07-17 22,7006.0,1524.0
2016-07-17 23,7017.0,1524.0
2016-07-18 00,7025.0,1629.0
2016-07-18 01,7032.0,1648.0
2016-07-18 02,7041.0,1656.0
2016-07-18 03,7063.0,1661.0
2016-07-18 04,7064.0,1662.0
2016-07-18 05,7066.0,1666.0
2016-07-18 06,7070.0,1668.0
2016-07-18 07,7075.0,1674.0
2016-07-18 08,7080.0,1676.0
2016-07-18 09,7088.0,1677.0
2016-07-18 10,7090.0,1678.0
2016-07-18 11,7092.0,1679.0
2016-07-18 12,7093.0,1679.0
2016-07-18 13,7099.0,1680.0
2016-07-18 14,7099.0,1681.0
2016-07-18 15,7107.0,1682.0
2016-07-18 16,7130.0,1683.0
2016-07-18 17,7157.0,1684.0
2016-07-18 18,7181.0,1684.0
2016-07-18 19,7190.0,1685.0
2016-07-18 20,7194.0,1685.0
2016-07-18 21,7197.0,1685.0
2016-07-18 22,7203.0,1685.0
2016-07-18 23,7204.0,1685.0
2016-07-19 00,7216.0,1685.0
2016-07-19 01,7220.0,1686.0
2016-07-19 02,7223.0,1686.0
2016-07-19 03,7223.0,1686.0
2016-07-19 04,7224.0,1686.0
2016-07-19 05,7227.0,1687.0
2016-07-19 06,7227.0,1687.0
2016-07-19 07,7227.0,1687.0
2016-07-19 08,7227.0,1687.0
2016-07-19 09,7228.0,1687.0
2016-07-19 10,7228.0,1687.0
2016-07-19 11,7228.0,1687.0
2016-07-19 12,7229.0,1687.0
2016-07-19 13,7231.0,1687.0
2016-07-19 14,7232.0,1687.0
2016-07-19 15,7232.0,1687.0
2016-07-19 16,7232.0,1688.0
2016-07-19 17,7236.0,1689.0
2016-07-19 18,7237.0,1689.0
2016-07-19 19,7239.0,1689.0
2016-07-19 20,7239.0,1689.0
2016-07-19 21,7239.0,1689.0
2016-07-19 22,7239.0,1689.0
2016-07-19 23,7240.0,1689.0
2016-07-20 00,7240.0,1689.0
2016-07-20 01,7240.0,1689.0
2016-07-20 02,7240.0,1689.0
2016-07-20 03,7242.0,1690.0
2016-07-20 04,7242.0,1690.0
2016-07-20 05,7245.0,1690.0
2016-07-20 06,7245.0,1690.0
2016-07-20 07,7245.0,1690.0
2016-07-20 08,7245.0,1690.0
2016-07-20 09,7245.0,1690.0
2016-07-20 10,7247.0,1690.0
2016-07-20 11,7247.0,1690.0
2016-07-20 12,7247.0,1690.0
2016-07-20 13,7248.0,1690.0
2016-07-20 14,7250.0,1690.0
2016-07-20 15,7250.0,1690.0
2016-07-20 16,7250.0,1690.0
2016-07-20 17,7250.0,1690.0
2016-07-20 18,7252.0,1690.0
2016-07-20 19,7253.0,1690.0
2016-07-20 20,7253.0,1690.0
2016-07-20 21,7254.0,1690.0
2016-07-20 22,7254.0,1690.0
2016-07-20 23,7254.0,1691.0
2016-07-21 00,7255.0,1691.0
2016-07-21 01,7255.0,1691.0
2016-07-21 02,7255.0,1691.0
2016-07-21 03,7256.0,1691.0
2016-07-21 04,7256.0,1691.0
2016-07-21 05,7256.0,1692.0
2016-07-21 06,7256.0,1692.0
2016-07-21 07,7256.0,1692.0
2016-07-21 08,7257.0,1692.0
2016-07-21 09,7257.0,1692.0
2016-07-21 10,7257.0,1692.0
2016-07-21 11,7257.0,1692.0
2016-07-21 12,7258.0,1692.0
2016-07-21 13,7258.0,1692.0
2016-07-21 14,7258.0,1692.0
2016-07-21 15,7258.0,1692.0
2016-07-21 16,7258.0,1692.0
2016-07-21 17,7258.0,1692.0
2016-07-21 18,7261.0,1692.0
2016-07-21 19,7262.0,1692.0
2016-07-21 20,7264.0,1692.0
2016-07-21 21,7264.0,1692.0
2016-07-21 22,7265.0,1692.0
2016-07-21 23,7268.0,1692.0
2016-07-22 00,7269.0,1692.0
2016-07-22 01,7270.0,1692.0
2016-07-22 02,7276.0,1692.0
2016-07-22 03,7277.0,1692.0
2016-07-22 04,7277.0,1692.0
2016-07-22 05,7277.0,1692.0
2016-07-22 06,7277.0,1692.0
2016-07-22 07,7277.0,1692.0
2016-07-22 08,7277.0,1692.0
2016-07-22 09,7277.0,1692.0
2016-07-22 10,7277.0,1692.0
2016-07-22 11,7277.0,1692.0
2016-07-22 12,7278.0,1692.0
2016-07-22 13,7279.0,1692.0
2016-07-22 14,7279.0,1692.0
2016-07-22 15,7280.0,1692.0
2016-07-22 16,7282.0,1692.0
2016-07-22 17,7283.0,1692.0
2016-07-22 18,7294.0,1692.0
2016-07-22 19,7294.0,1692.0
2016-07-22 20,7294.0,1692.0
2016-07-22 21,7298.0,1692.0
2016-07-22 22,7298.0,1692.0
2016-07-22 23,7318.0,1692.0
2016-07-23 00,7332.0,1692.0
2016-07-23 01,7333.0,1692.0
2016-07-23 02,7341.0,1692.0
2016-07-23 03,7343.0,1692.0
2016-07-23 04,7345.0,1692.0
2016-07-23 05,7348.0,1692.0
2016-07-23 06,7349.0,1692.0
2016-07-23 07,7349.0,1692.0
2016-07-23 08,7350.0,1692.0
2016-07-23 09,7350.0,1692.0
2016-07-23 10,7350.0,1693.0
2016-07-23 11,7350.0,1693.0
2016-07-23 12,7353.0,1693.0
2016-07-23 13,7357.0,1693.0
2016-07-23 14,7357.0,1696.0
2016-07-23 15,7359.0,1699.0
2016-07-23 16,7363.0,1699.0
2016-07-23 17,7367.0,1701.0
2016-07-23 18,7370.0,1701.0
2016-07-23 19,7377.0,1701.0
2016-07-23 20,7377.0,1701.0
2016-07-23 21,7379.0,1701.0
2016-07-23 22,7380.0,1701.0
2016-07-23 23,7382.0,1701.0
2016-07-24 00,7385.0,1701.0
2016-07-24 01,7388.0,1701.0
2016-07-24 02,7390.0,1701.0
2016-07-24 03,7395.0,1701.0
2016-07-24 04,7398.0,1701.0
2016-07-24 05,7398.0,1701.0
2016-07-24 06,7399.0,1701.0
2016-07-24 07,7399.0,1701.0
2016-07-24 08,7399.0,1701.0
2016-07-24 09,7399.0,1701.0
2016-07-24 10,7400.0,1701.0
2016-07-24 11,7400.0,1701.0
2016-07-24 12,7405.0,1701.0
2016-07-24 13,7410.0,1701.0
2016-07-24 14,7413.0,1701.0
2016-07-24 15,7428.0,1701.0
2016-07-24 16,7434.0,1701.0
2016-07-24 17,7438.0,1701.0
2016-07-24 18,7438.0,1701.0
2016-07-24 19,7440.0,1701.0
2016-07-24 20,7442.0,1701.0
2016-07-24 21,7460.0,1701.0
2016-07-24 22,7469.0,1701.0
2016-07-24 23,7474.0,1701.0
2016-07-25 00,7476.0,1701.0
2016-07-25 01,7476.0,1701.0
2016-07-25 02,7479.0,1701.0
2016-07-25 03,7480.0,1701.0
2016-07-25 04,7484.0,1701.0
2016-07-25 05,7484.0,1701.0
2016-07-25 06,7484.0,1701.0
2016-07-25 07,7484.0,1701.0
2016-07-25 08,7484.0,1701.0
2016-07-25 09,7484.0,1701.0
2016-07-25 10,7485.0,1701.0
2016-07-25 11,7487.0,1701.0
2016-07-25 12,7487.0,1701.0
2016-07-25 13,7488.0,1702.0
2016-07-25 14,7489.0,1702.0
2016-07-25 15,7489.0,1702.0
2016-07-25 16,7492.0,1702.0
2016-07-25 17,7492.0,1702.0
2016-07-25 18,7493.0,1702.0
2016-07-25 19,7494.0,1702.0
2016-07-25 20,7506.0,1702.0
2016-07-25 21,7518.0,1702.0
2016-07-25 22,7533.0,1702.0
2016-07-25 23,7533.0,1702.0
2016-07-26 00,7541.0,1702.0
2016-07-26 01,7544.0,1702.0
2016-07-26 02,7544.0,1702.0
2016-07-26 03,7544.0,1702.0
2016-07-26 04,7544.0,1702.0
2016-07-26 05,7545.0,1702.0
2016-07-26 06,7545.0,1702.0
2016-07-26 07,7545.0,1702.0
2016-07-26 08,7545.0,1702.0
2016-07-26 09,7545.0,1702.0
2016-07-26 10,7546.0,1702.0
2016-07-26 11,7546.0,1702.0
2016-07-26 12,7546.0,1702.0
2016-07-26 13,7546.0,1702.0
2016-07-26 14,7547.0,1702.0
2016-07-26 15,7547.0,1702.0
2016-07-26 16,7547.0,1703.0
2016-07-26 17,7547.0,1703.0
2016-07-26 18,7547.0,1703.0
2016-07-26 19,7547.0,1703.0
2016-07-26 20,7549.0,1703.0
2016-07-26 21,7549.0,1703.0
2016-07-26 22,7549.0,1703.0
2016-07-26 23,7549.0,1703.0
2016-07-27 00,7549.0,1703.0
2016-07-27 01,7550.0,1703.0
2016-07-27 02,7550.0,1703.0
2016-07-27 03,7550.0,1703.0
2016-07-27 04,7550.0,1703.0
2016-07-27 05,7550.0,1703.0
2016-07-27 06,7551.0,1703.0
2016-07-27 07,7551.0,1703.0
2016-07-27 08,7551.0,1703.0
2016-07-27 09,7551.0,1703.0
2016-07-27 10,7551.0,1703.0
2016-07-27 11,7551.0,1703.0
2016-07-27 12,7551.0,1703.0
2016-07-27 13,7551.0,1703.0
2016-07-27 14,7551.0,1703.0
2016-07-27 15,7555.0,1703.0
2016-07-27 16,7557.0,1703.0
2016-07-27 17,7562.0,1703.0
2016-07-27 18,7562.0,1703.0
2016-07-27 19,7562.0,1703.0
2016-07-27 20,7563.0,1703.0
2016-07-27 21,7563.0,1703.0
2016-07-27 22,7563.0,1703.0
2016-07-27 23,7564.0,1703.0
2016-07-28 00,7564.0,1703.0
2016-07-28 01,7564.0,1703.0
2016-07-28 02,7564.0,1703.0
2016-07-28 03,7564.0,1703.0
2016-07-28 04,7564.0,1703.0
2016-07-28 05,7565.0,1703.0
2016-07-28 06,7566.0,1703.0
2016-07-28 07,7567.0,1703.0
2016-07-28 08,7567.0,1703.0
2016-07-28 09,7567.0,1703.0
2016-07-28 10,7567.0,1703.0
2016-07-28 11,7567.0,1703.0
2016-07-28 12,7569.0,1703.0
2016-07-28 13,7569.0,1703.0
2016-07-28 14,7569.0,1703.0
2016-07-28 15,7569.0,1703.0
2016-07-28 16,7569.0,1703.0
2016-07-28 17,7572.0,1703.0
2016-07-28 18,7572.0,1703.0
2016-07-28 19,7572.0,1703.0
2016-07-28 20,7580.0,1703.0
2016-07-28 21,7580.0,1703.0
2016-07-28 22,7585.0,1703.0
2016-07-28 23,7588.0,1703.0
2016-07-29 00,7588.0,1703.0
2016-07-29 01,7588.0,1703.0
2016-07-29 02,7588.0,1703.0
2016-07-29 03,7588.0,1703.0
2016-07-29 04,7588.0,1703.0
2016-07-29 05,7589.0,1703.0
2016-07-29 06,7589.0,1703.0
2016-07-29 07,7589.0,1703.0
2016-07-29 08,7589.0,1703.0
2016-07-29 09,7589.0,1703.0
2016-07-29 10,7589.0,1703.0
2016-07-29 11,7589.0,1703.0
2016-07-29 12,7589.0,1703.0
2016-07-29 13,7591.0,1703.0
2016-07-29 14,7595.0,1703.0
2016-07-29 15,7596.0,1703.0
2016-07-29 16,7601.0,1703.0
2016-07-29 17,7601.0,1703.0
2016-07-29 18,7601.0,1703.0
2016-07-29 19,7601.0,1703.0
2016-07-29 20,7601.0,1703.0
2016-07-29 21,7601.0,1703.0
2016-07-29 22,7601.0,1703.0
2016-07-29 23,7601.0,1703.0
2016-07-30 00,7601.0,1703.0
2016-07-30 01,7601.0,1703.0
2016-07-30 02,7601.0,1703.0
2016-07-30 03,7601.0,1703.0
2016-07-30 04,7603.0,1703.0
2016-07-30 05,7603.0,1703.0
2016-07-30 06,7603.0,1703.0
2016-07-30 07,7603.0,1703.0
2016-07-30 08,7603.0,1703.0
2016-07-30 09,7603.0,1703.0
2016-07-30 10,7603.0,1703.0
2016-07-30 11,7603.0,1703.0
2016-07-30 12,7603.0,1703.0
2016-07-30 13,7603.0,1703.0
2016-07-30 14,7604.0,1703.0
2016-07-30 15,7605.0,1703.0
2016-07-30 16,7605.0,1703.0
2016-07-30 17,7605.0,1703.0
2016-07-30 18,7606.0,1703.0
2016-07-30 19,7606.0,1703.0
2016-07-30 20,7606.0,1703.0
2016-07-30 21,7606.0,1703.0
2016-07-30 22,7606.0,1703.0
2016-07-30 23,7607.0,1703.0
2016-07-31 00,7607.0,1703.0
2016-07-31 01,7607.0,1703.0
2016-07-31 02,7607.0,1703.0
2016-07-31 03,7607.0,1703.0
2016-07-31 04,7607.0,1703.0
2016-07-31 05,7607.0,1703.0
2016-07-31 06,7607.0,1703.0
2016-07-31 07,7607.0,1703.0
2016-07-31 08,7607.0,1703.0
2016-07-31 09,7607.0,1703.0
2016-07-31 10,7607.0,1703.0
2016-07-31 11,7607.0,1703.0
2016-07-31 12,7607.0,1703.0
2016-07-31 13,7607.0,1703.0
2016-07-31 14,7607.0,1703.0
2016-07-31 15,7607.0,1703.0
2016-07-31 16,7607.0,1703.0
2016-07-31 17,7608.0,1703.0
2016-07-31 18,7608.0,1703.0
2016-07-31 19,7608.0,1703.0
2016-07-31 20,7610.0,1703.0
2016-07-31 21,7610.0,1703.0
2016-07-31 22,7610.0,1703.0
2016-07-31 23,7610.0,1703.0
2016-08-01 00,7610.0,1703.0
2016-08-01 01,7610.0,1703.0
2016-08-01 02,7610.0,1703.0
2016-08-01 03,7610.0,1703.0
2016-08-01 04,7610.0,1703.0
2016-08-01 05,7610.0,1703.0
2016-08-01 06,7610.0,1703.0
2016-08-01 07,7611.0,1703.0
2016-08-01 08,7611.0,1703.0
2016-08-01 09,7611.0,1703.0
2016-08-01 10,7611.0,1703.0
2016-08-01 11,7611.0,1703.0
2016-08-01 12,7611.0,1703.0
2016-08-01 13,7611.0,1703.0
2016-08-01 14,7611.0,1703.0
2016-08-01 15,7611.0,1703.0
2016-08-01 16,7613.0,1703.0
2016-08-01 17,7613.0,1703.0
2016-08-01 18,7613.0,1703.0
2016-08-01 19,7613.0,1703.0
2016-08-01 20,7613.0,1703.0
2016-08-01 21,7613.0,1703.0
2016-08-01 22,7613.0,1703.0
2016-08-01 23,7613.0,1703.0
2016-08-02 00,7613.0,1703.0
2016-08-02 01,7613.0,1703.0
2016-08-02 02,7613.0,1703.0
2016-08-02 03,7613.0,1703.0
2016-08-02 04,7613.0,1703.0
2016-08-02 05,7613.0,1703.0
2016-08-02 06,7613.0,1703.0
2016-08-02 07,7613.0,1703.0
2016-08-02 08,7613.0,1703.0
2016-08-02 09,7613.0,1703.0
2016-08-02 10,7613.0,1703.0
2016-08-02 11,7613.0,1703.0
2016-08-02 12,7613.0,1703.0
2016-08-02 13,7613.0,1703.0
2016-08-02 14,7613.0,1703.0
2016-08-02 15,7613.0,1703.0
2016-08-02 16,7613.0,1703.0
2016-08-02 17,7613.0,1703.0
2016-08-02 18,7613.0,1703.0
2016-08-02 19,7613.0,1703.0
2016-08-02 20,7613.0,1703.0
2016-08-02 21,7613.0,1703.0
2016-08-02 22,7613.0,1703.0
2016-08-02 23,7613.0,1703.0
2016-08-03 00,7613.0,1703.0
2016-08-03 01,7613.0,1703.0
2016-08-03 02,7613.0,1703.0
2016-08-03 03,7613.0,1703.0
2016-08-03 04,7613.0,1703.0
2016-08-03 05,7613.0,1703.0
2016-08-03 06,7613.0,1703.0
2016-08-03 07,7613.0,1703.0
2016-08-03 08,7613.0,1703.0
2016-08-03 09,7613.0,1703.0
2016-08-03 10,7613.0,1703.0
2016-08-03 11,7613.0,1703.0
2016-08-03 12,7616.0,1703.0
2016-08-03 13,7635.0,1703.0
2016-08-03 14,7636.0,1703.0
2016-08-03 15,7636.0,1703.0
2016-08-03 16,7637.0,1703.0
2016-08-03 17,7640.0,1703.0
2016-08-03 18,7640.0,1703.0
2016-08-03 19,7640.0,1703.0
2016-08-03 20,7640.0,1703.0
2016-08-03 21,7640.0,1703.0
2016-08-03 22,7640.0,1703.0
2016-08-03 23,7640.0,1703.0
2016-08-04 00,7640.0,1703.0
2016-08-04 01,7640.0,1703.0
2016-08-04 02,7640.0,1703.0
2016-08-04 03,7640.0,1703.0
2016-08-04 04,7640.0,1703.0
2016-08-04 05,7640.0,1703.0
2016-08-04 06,7640.0,1703.0
2016-08-04 07,7640.0,1703.0
2016-08-04 08,7640.0,1703.0
2016-08-04 09,7640.0,1703.0
2016-08-04 10,7640.0,1703.0
2016-08-04 11,7640.0,1703.0
2016-08-04 12,7640.0,1703.0
2016-08-04 13,7640.0,1703.0
2016-08-04 14,7640.0,1703.0
2016-08-04 15,7640.0,1703.0
2016-08-04 16,7640.0,1703.0
2016-08-04 17,7640.0,1703.0
2016-08-04 18,7640.0,1703.0
2016-08-04 19,7640.0,1703.0
2016-08-04 20,7640.0,1703.0
2016-08-04 21,7640.0,1703.0
2016-08-04 22,7640.0,1703.0
2016-08-04 23,7641.0,1703.0
2016-08-05 00,7641.0,1703.0
2016-08-05 01,7641.0,1703.0
2016-08-05 02,7642.0,1703.0
2016-08-05 03,7642.0,1703.0
2016-08-05 04,7642.0,1703.0
2016-08-05 05,7642.0,1703.0
2016-08-05 06,7642.0,1703.0
2016-08-05 07,7642.0,1703.0
2016-08-05 08,7642.0,1703.0
2016-08-05 09,7642.0,1703.0
2016-08-05 10,7643.0,1703.0
2016-08-05 11,7643.0,1703.0
2016-08-05 12,7643.0,1703.0
2016-08-05 13,7643.0,1703.0
2016-08-05 14,7643.0,1703.0
2016-08-05 15,7643.0,1703.0
2016-08-05 16,7643.0,1703.0
2016-08-05 17,7643.0,1703.0
2016-08-05 18,7643.0,1703.0
2016-08-05 19,7643.0,1703.0
2016-08-05 20,7643.0,1703.0
2016-08-05 21,7643.0,1703.0
2016-08-05 22,7643.0,1703.0
2016-08-05 23,7643.0,1703.0
2016-08-06 00,7643.0,1703.0
2016-08-06 01,7643.0,1703.0
2016-08-06 02,7643.0,1703.0
2016-08-06 03,7643.0,1703.0
2016-08-06 04,7643.0,1703.0
2016-08-06 05,7643.0,1703.0
2016-08-06 06,7643.0,1703.0
2016-08-06 07,7643.0,1703.0
2016-08-06 08,7643.0,1703.0
2016-08-06 09,7643.0,1703.0
2016-08-06 10,7643.0,1703.0
2016-08-06 11,7643.0,1703.0
2016-08-06 12,7643.0,1703.0
2016-08-06 13,7643.0,1703.0
2016-08-06 14,7643.0,1703.0
2016-08-06 15,7643.0,1703.0
2016-08-06 16,7644.0,1703.0
2016-08-06 17,7645.0,1703.0
2016-08-06 18,7645.0,1703.0
2016-08-06 19,7645.0,1703.0
2016-08-06 20,7645.0,1703.0
2016-08-06 21,7645.0,1703.0
2016-08-06 22,7646.0,1703.0
2016-08-06 23,7646.0,1703.0
2016-08-07 00,7646.0,1703.0
2016-08-07 01,7646.0,1703.0
2016-08-07 02,7646.0,1703.0
2016-08-07 03,7646.0,1703.0
2016-08-07 04,7646.0,1703.0
2016-08-07 05,7646.0,1703.0
2016-08-07 06,7646.0,1703.0
2016-08-07 07,7646.0,1703.0
2016-08-07 08,7646.0,1703.0
2016-08-07 09,7646.0,1703.0
2016-08-07 10,7646.0,1703.0
2016-08-07 11,7646.0,1703.0
2016-08-07 12,7646.0,1703.0
2016-08-07 13,7646.0,1703.0
2016-08-07 14,7646.0,1703.0
2016-08-07 15,7646.0,1703.0
2016-08-07 16,7646.0,1703.0
2016-08-07 17,7646.0,1703.0
2016-08-07 18,7646.0,1703.0
2016-08-07 19,7646.0,1703.0
2016-08-07 20,7646.0,1703.0
2016-08-07 21,7646.0,1703.0
2016-08-07 22,7646.0,1703.0
2016-08-07 23,7646.0,1703.0
2016-08-08 00,7646.0,1703.0
2016-08-08 01,7646.0,1703.0
2016-08-08 02,7646.0,1703.0
2016-08-08 03,7646.0,1703.0
2016-08-08 04,7646.0,1703.0
2016-08-08 05,7646.0,1703.0
2016-08-08 06,7646.0,1703.0
2016-08-08 07,7646.0,1703.0
2016-08-08 08,7646.0,1703.0
2016-08-08 09,7646.0,1703.0
2016-08-08 10,7646.0,1703.0
2016-08-08 11,7646.0,1703.0
2016-08-08 12,7646.0,1703.0
2016-08-08 13,7646.0,1703.0
2016-08-08 14,7646.0,1703.0
2016-08-08 15,7646.0,1703.0
2016-08-08 16,7646.0,1703.0
2016-08-08 17,7646.0,1703.0
2016-08-08 18,7646.0,1703.0
2016-08-08 19,7647.0,1703.0
2016-08-08 20,7647.0,1703.0
2016-08-08 21,7647.0,1703.0
2016-08-08 22,7647.0,1703.0
2016-08-08 23,7647.0,1703.0
2016-08-09 00,7647.0,1703.0
2016-08-09 01,7647.0,1703.0
2016-08-09 02,7647.0,1703.0
2016-08-09 03,7647.0,1703.0
2016-08-09 04,7647.0,1703.0
2016-08-09 05,7647.0,1703.0
2016-08-09 06,7647.0,1703.0
2016-08-09 07,7647.0,1703.0
2016-08-09 08,7647.0,1703.0
2016-08-09 09,7647.0,1703.0
2016-08-09 10,7647.0,1703.0
2016-08-09 11,7647.0,1703.0
2016-08-09 12,7647.0,1703.0
2016-08-09 13,7647.0,1703.0
2016-08-09 14,7647.0,1703.0
2016-08-09 15,7647.0,1703.0
2016-08-09 16,7647.0,1703.0
2016-08-09 17,7647.0,1703.0
2016-08-09 18,7647.0,1703.0
2016-08-09 19,7647.0,1703.0
2016-08-09 20,7647.0,1703.0
2016-08-09 21,7647.0,1703.0
2016-08-09 22,7649.0,1703.0
2016-08-09 23,7649.0,1703.0
2016-08-10 00,7649.0,1703.0
2016-08-10 01,7649.0,1703.0
2016-08-10 02,7649.0,1703.0
2016-08-10 03,7649.0,1703.0
2016-08-10 04,7649.0,1703.0
2016-08-10 05,7649.0,1703.0
2016-08-10 06,7649.0,1703.0
2016-08-10 07,7649.0,1703.0
2016-08-10 08,7649.0,1703.0
2016-08-10 09,7649.0,1703.0
2016-08-10 10,7649.0,1703.0
2016-08-10 11,7649.0,1703.0
2016-08-10 12,7649.0,1703.0
2016-08-10 13,7649.0,1703.0
2016-08-10 14,7649.0,1703.0
2016-08-10 15,7649.0,1703.0
2016-08-10 16,7649.0,1703.0
2016-08-10 17,7649.0,1703.0
2016-08-10 18,7649.0,1703.0
2016-08-10 19,7649.0,1703.0
2016-08-10 20,7649.0,1703.0
2016-08-10 21,7650.0,1703.0
2016-08-10 22,7650.0,1703.0
2016-08-10 23,7650.0,1703.0
2016-08-11 00,7650.0,1703.0
2016-08-11 01,7650.0,1703.0
2016-08-11 02,7650.0,1703.0
2016-08-11 03,7650.0,1703.0
2016-08-11 04,7650.0,1703.0
2016-08-11 05,7650.0,1703.0
2016-08-11 06,7650.0,1703.0
2016-08-11 07,7650.0,1703.0
2016-08-11 08,7650.0,1703.0
2016-08-11 09,7650.0,1703.0
2016-08-11 10,7650.0,1703.0
2016-08-11 11,7650.0,1703.0
2016-08-11 12,7650.0,1703.0
2016-08-11 13,7650.0,1703.0
2016-08-11 14,7650.0,1703.0
2016-08-11 15,7650.0,1703.0
2016-08-11 16,7652.0,1703.0
2016-08-11 17,7652.0,1703.0
2016-08-11 18,7652.0,1703.0
2016-08-11 19,7652.0,1703.0
2016-08-11 20,7652.0,1703.0
2016-08-11 21,7652.0,1703.0
2016-08-11 22,7652.0,1703.0
2016-08-11 23,7652.0,1703.0
2016-08-12 00,7652.0,1703.0
2016-08-12 01,7652.0,1703.0
2016-08-12 02,7652.0,1703.0
2016-08-12 03,7652.0,1703.0
2016-08-12 04,7652.0,1703.0
2016-08-12 05,7652.0,1703.0
2016-08-12 06,7652.0,1703.0
2016-08-12 07,7652.0,1703.0
2016-08-12 08,7652.0,1703.0
2016-08-12 09,7652.0,1703.0
2016-08-12 10,7652.0,1703.0
2016-08-12 11,7653.0,1703.0
2016-08-12 12,7653.0,1703.0
2016-08-12 13,7653.0,1703.0
2016-08-12 14,7653.0,1703.0
2016-08-12 15,7653.0,1703.0
2016-08-12 16,7653.0,1703.0
2016-08-12 17,7653.0,1703.0
2016-08-12 18,7654.0,1703.0
2016-08-12 19,7655.0,1703.0
2016-08-12 20,7655.0,1703.0
2016-08-12 21,7655.0,1703.0
2016-08-12 22,7655.0,1703.0
2016-08-12 23,7655.0,1703.0
2016-08-13 00,7655.0,1703.0
2016-08-13 01,7655.0,1703.0
2016-08-13 02,7655.0,1703.0
2016-08-13 03,7655.0,1703.0
2016-08-13 04,7655.0,1703.0
2016-08-13 05,7656.0,1703.0
2016-08-13 06,7656.0,1703.0
2016-08-13 07,7656.0,1703.0
2016-08-13 08,7656.0,1703.0
2016-08-13 09,7656.0,1703.0
2016-08-13 10,7656.0,1703.0
2016-08-13 11,7656.0,1703.0
2016-08-13 12,7656.0,1703.0
2016-08-13 13,7656.0,1703.0
2016-08-13 14,7656.0,1703.0
2016-08-13 15,7656.0,1703.0
2016-08-13 16,7656.0,1703.0
2016-08-13 17,7656.0,1703.0
2016-08-13 18,7656.0,1703.0
2016-08-13 19,7656.0,1703.0
2016-08-13 20,7656.0,1703.0
2016-08-13 21,7658.0,1703.0
2016-08-13 22,7658.0,1703.0
2016-08-13 23,7658.0,1703.0
2016-08-14 00,7658.0,1703.0
2016-08-14 01,7658.0,1703.0
2016-08-14 02,7658.0,1703.0
2016-08-14 03,7658.0,1703.0
2016-08-14 04,7658.0,1703.0
2016-08-14 05,7659.0,1703.0
2016-08-14 06,7659.0,1703.0
2016-08-14 07,7659.0,1703.0
2016-08-14 08,7659.0,1703.0
2016-08-14 09,7659.0,1703.0
2016-08-14 10,7659.0,1703.0
2016-08-14 11,7659.0,1703.0
2016-08-14 12,7660.0,1703.0
2016-08-14 13,7660.0,1703.0
2016-08-14 14,7661.0,1703.0
2016-08-14 15,7661.0,1703.0
2016-08-14 16,7661.0,1703.0
2016-08-14 17,7661.0,1703.0
2016-08-14 18,7662.0,1703.0
2016-08-14 19,7667.0,1703.0
2016-08-14 20,7668.0,1703.0
2016-08-14 21,7669.0,1703.0
2016-08-14 22,7673.0,1703.0
2016-08-14 23,7675.0,1703.0
2016-08-15 00,7678.0,1703.0
2016-08-15 01,7680.0,1703.0
2016-08-15 02,7683.0,1703.0
2016-08-15 03,7683.0,1703.0
2016-08-15 04,7691.0,1703.0
2016-08-15 05,7691.0,1703.0
2016-08-15 06,7692.0,1703.0
2016-08-15 07,7692.0,1703.0
2016-08-15 08,7692.0,1703.0
2016-08-15 09,7692.0,1703.0
2016-08-15 10,7692.0,1703.0
2016-08-15 11,7692.0,1703.0
2016-08-15 12,7693.0,1703.0
2016-08-15 13,7693.0,1703.0
2016-08-15 14,7693.0,1703.0
2016-08-15 15,7693.0,1703.0
2016-08-15 16,7693.0,1703.0
2016-08-15 17,7693.0,1703.0
2016-08-15 18,7693.0,1703.0
2016-08-15 19,7694.0,1703.0
2016-08-15 20,7696.0,1703.0
2016-08-15 21,7696.0,1703.0
2016-08-15 22,7698.0,1703.0
2016-08-15 23,7698.0,1703.0
2016-08-16 00,7698.0,1703.0
2016-08-16 01,7698.0,1703.0
2016-08-16 02,7698.0,1703.0
2016-08-16 03,7698.0,1703.0
2016-08-16 04,7698.0,1703.0
2016-08-16 05,7698.0,1703.0
2016-08-16 06,7699.0,1703.0
2016-08-16 07,7699.0,1703.0
2016-08-16 08,7699.0,1703.0
2016-08-16 09,7699.0,1703.0
2016-08-16 10,7704.0,1703.0
2016-08-16 11,7704.0,1703.0
2016-08-16 12,7704.0,1703.0
2016-08-16 13,7704.0,1703.0
2016-08-16 14,7704.0,1703.0
2016-08-16 15,7704.0,1703.0
2016-08-16 16,7704.0,1703.0
2016-08-16 17,7704.0,1703.0
2016-08-16 18,7704.0,1703.0
2016-08-16 19,7704.0,1703.0
2016-08-16 20,7704.0,1703.0
2016-08-16 21,7704.0,1703.0
2016-08-16 22,7704.0,1703.0
2016-08-16 23,7705.0,1703.0
2016-08-17 00,7706.0,1703.0
2016-08-17 01,7706.0,1703.0
2016-08-17 02,7706.0,1703.0
2016-08-17 03,7706.0,1703.0
2016-08-17 04,7706.0,1703.0
2016-08-17 05,7706.0,1703.0
2016-08-17 06,7706.0,1703.0
2016-08-17 07,7706.0,1703.0
2016-08-17 08,7708.0,1703.0
2016-08-17 09,7713.0,1703.0
2016-08-17 10,7713.0,1703.0
2016-08-17 11,7713.0,1703.0
2016-08-17 12,7714.0,1703.0
2016-08-17 13,7714.0,1703.0
2016-08-17 14,7714.0,1703.0
2016-08-17 15,7714.0,1703.0
2016-08-17 16,7714.0,1703.0
2016-08-17 17,7715.0,1703.0
2016-08-17 18,7715.0,1703.0
2016-08-17 19,7715.0,1703.0
2016-08-17 20,7715.0,1703.0
2016-08-17 21,7715.0,1703.0
2016-08-17 22,7715.0,1703.0
2016-08-17 23,7715.0,1703.0
2016-08-18 00,7715.0,1703.0
2016-08-18 01,7715.0,1703.0
2016-08-18 02,7715.0,1703.0
2016-08-18 03,7715.0,1703.0
2016-08-18 04,7715.0,1703.0
2016-08-18 05,7715.0,1703.0
2016-08-18 06,7715.0,1703.0
2016-08-18 07,7715.0,1703.0
2016-08-18 08,7715.0,1703.0
2016-08-18 09,7715.0,1703.0
2016-08-18 10,7715.0,1703.0
2016-08-18 11,7715.0,1703.0
2016-08-18 12,7715.0,1703.0
2016-08-18 13,7715.0,1703.0
2016-08-18 14,7715.0,1703.0
2016-08-18 15,7715.0,1703.0
2016-08-18 16,7715.0,1703.0
2016-08-18 17,7715.0,1703.0
2016-08-18 18,7715.0,1703.0
2016-08-18 19,7715.0,1703.0
2016-08-18 20,7715.0,1703.0
2016-08-18 21,7715.0,1703.0
2016-08-18 22,7715.0,1703.0
2016-08-18 23,7716.0,1703.0
2016-08-19 00,7716.0,1703.0
2016-08-19 01,7716.0,1703.0
2016-08-19 02,7716.0,1703.0
2016-08-19 03,7716.0,1703.0
2016-08-19 04,7716.0,1703.0
2016-08-19 05,7716.0,1703.0
2016-08-19 06,7716.0,1703.0
2016-08-19 07,7716.0,1703.0
2016-08-19 08,7716.0,1703.0
2016-08-19 09,7716.0,1703.0
2016-08-19 10,7716.0,1703.0
2016-08-19 11,7716.0,1703.0
2016-08-19 12,7716.0,1703.0
2016-08-19 13,7716.0,1703.0
2016-08-19 14,7716.0,1703.0
2016-08-19 15,7716.0,1703.0
2016-08-19 16,7716.0,1703.0
2016-08-19 17,7716.0,1703.0
2016-08-19 18,7716.0,1703.0
2016-08-19 19,7716.0,1703.0
2016-08-19 20,7716.0,1703.0
2016-08-19 21,7716.0,1703.0
2016-08-19 22,7716.0,1703.0
2016-08-19 23,7716.0,1703.0
2016-08-20 00,7716.0,1703.0
2016-08-20 01,7716.0,1703.0
2016-08-20 02,7716.0,1703.0
2016-08-20 03,7716.0,1703.0
2016-08-20 04,7716.0,1703.0
2016-08-20 05,7716.0,1703.0
2016-08-20 06,7716.0,1703.0
2016-08-20 07,7716.0,1703.0
2016-08-20 08,7716.0,1703.0
2016-08-20 09,7716.0,1703.0
2016-08-20 10,7716.0,1703.0
2016-08-20 11,7716.0,1703.0
2016-08-20 12,7716.0,1703.0
2016-08-20 13,7716.0,1703.0
2016-08-20 14,7716.0,1703.0
2016-08-20 15,7716.0,1703.0
2016-08-20 16,7716.0,1703.0
2016-08-20 17,7716.0,1703.0
2016-08-20 18,7716.0,1703.0
2016-08-20 19,7716.0,1703.0
2016-08-20 20,7716.0,1703.0
2016-08-20 21,7716.0,1703.0
2016-08-20 22,7716.0,1703.0
2016-08-20 23,7716.0,1703.0
2016-08-21 00,7716.0,1703.0
2016-08-21 01,7716.0,1703.0
2016-08-21 02,7716.0,1703.0
2016-08-21 03,7716.0,1703.0
2016-08-21 04,7716.0,1703.0
2016-08-21 05,7716.0,1703.0
2016-08-21 06,7716.0,1703.0
2016-08-21 07,7716.0,1703.0
2016-08-21 08,7716.0,1703.0
2016-08-21 09,7716.0,1703.0
2016-08-21 10,7717.0,1703.0
2016-08-21 11,7717.0,1703.0
2016-08-21 12,7717.0,1703.0
2016-08-21 13,7717.0,1703.0
2016-08-21 14,7718.0,1703.0
2016-08-21 15,7718.0,1703.0
2016-08-21 16,7718.0,1703.0
2016-08-21 17,7718.0,1703.0
2016-08-21 18,7719.0,1703.0
2016-08-21 19,7719.0,1703.0
2016-08-21 20,7719.0,1703.0
2016-08-21 21,7719.0,1703.0
2016-08-21 22,7719.0,1703.0
2016-08-21 23,7719.0,1703.0
2016-08-22 00,7720.0,1703.0
2016-08-22 01,7720.0,1703.0
2016-08-22 02,7720.0,1703.0
2016-08-22 03,7720.0,1703.0
2016-08-22 04,7720.0,1703.0
2016-08-22 05,7720.0,1703.0
2016-08-22 06,7720.0,1703.0
2016-08-22 07,7720.0,1703.0
2016-08-22 08,7720.0,1703.0
2016-08-22 09,7720.0,1703.0
2016-08-22 10,7720.0,1703.0
2016-08-22 11,7720.0,1703.0
2016-08-22 12,7720.0,1703.0
2016-08-22 13,7720.0,1703.0
2016-08-22 14,7720.0,1703.0
2016-08-22 15,7720.0,1703.0
2016-08-22 16,7720.0,1703.0
2016-08-22 17,7720.0,1703.0
2016-08-22 18,7720.0,1703.0
2016-08-22 19,7720.0,1703.0
2016-08-22 20,7720.0,1703.0
2016-08-22 21,7740.0,1703.0
2016-08-22 22,7740.0,1703.0
2016-08-22 23,7740.0,1703.0
2016-08-23 00,7740.0,1703.0
2016-08-23 01,7740.0,1703.0
2016-08-23 02,7740.0,1703.0
2016-08-23 03,7740.0,1703.0
2016-08-23 04,7740.0,1703.0
2016-08-23 05,7740.0,1703.0
2016-08-23 06,7740.0,1703.0
2016-08-23 07,7740.0,1703.0
2016-08-23 08,7740.0,1703.0
2016-08-23 09,7740.0,1703.0
2016-08-23 10,7740.0,1703.0
2016-08-23 11,7740.0,1703.0
2016-08-23 12,7740.0,1703.0
2016-08-23 13,7740.0,1703.0
2016-08-23 14,7740.0,1703.0
2016-08-23 15,7740.0,1703.0
2016-08-23 16,7740.0,1703.0
2016-08-23 17,7740.0,1703.0
2016-08-23 18,7740.0,1703.0
2016-08-23 19,7740.0,1703.0
2016-08-23 20,7740.0,1703.0
2016-08-23 21,7740.0,1703.0
2016-08-23 22,7741.0,1703.0
2016-08-23 23,7741.0,1703.0
2016-08-24 00,7741.0,1703.0
2016-08-24 01,7741.0,1703.0
2016-08-24 02,7741.0,1703.0
2016-08-24 03,7741.0,1703.0
2016-08-24 04,7741.0,1703.0
2016-08-24 05,7741.0,1703.0
2016-08-24 06,7741.0,1703.0
2016-08-24 07,7741.0,1703.0
2016-08-24 08,7741.0,1703.0
2016-08-24 09,7741.0,1703.0
2016-08-24 10,7741.0,1703.0
2016-08-24 11,7741.0,1703.0
2016-08-24 12,7741.0,1703.0
2016-08-24 13,7741.0,1703.0
2016-08-24 14,7741.0,1703.0
2016-08-24 15,7741.0,1703.0
2016-08-24 16,7742.0,1703.0
2016-08-24 17,7742.0,1703.0
2016-08-24 18,7743.0,1703.0
2016-08-24 19,7743.0,1703.0
2016-08-24 20,7743.0,1703.0
2016-08-24 21,7743.0,1703.0
2016-08-24 22,7743.0,1703.0
2016-08-24 23,7743.0,1703.0
2016-08-25 00,7743.0,1703.0
2016-08-25 01,7743.0,1703.0
2016-08-25 02,7743.0,1703.0
2016-08-25 03,7743.0,1703.0
2016-08-25 04,7743.0,1703.0
2016-08-25 05,7743.0,1703.0
2016-08-25 06,7743.0,1703.0
2016-08-25 07,7743.0,1703.0
2016-08-25 08,7743.0,1703.0
2016-08-25 09,7743.0,1703.0
2016-08-25 10,7743.0,1703.0
2016-08-25 11,7743.0,1703.0
2016-08-25 12,7743.0,1703.0
2016-08-25 13,7743.0,1703.0
2016-08-25 14,7743.0,1703.0
2016-08-25 15,7743.0,1703.0
2016-08-25 16,7743.0,1703.0
2016-08-25 17,7743.0,1703.0
2016-08-25 18,7743.0,1703.0
2016-08-25 19,7743.0,1703.0
2016-08-25 20,7743.0,1703.0
2016-08-25 21,7743.0,1703.0
2016-08-25 22,7743.0,1703.0
2016-08-25 23,7744.0,1703.0
2016-08-26 00,7744.0,1703.0
2016-08-26 01,7744.0,1703.0
2016-08-26 02,7744.0,1703.0
2016-08-26 03,7744.0,1703.0
2016-08-26 04,7744.0,1703.0
2016-08-26 05,7744.0,1703.0
2016-08-26 06,7744.0,1703.0
2016-08-26 07,7744.0,1703.0
2016-08-26 08,7744.0,1703.0
2016-08-26 09,7744.0,1703.0
2016-08-26 10,7744.0,1703.0
2016-08-26 11,7744.0,1703.0
2016-08-26 12,7745.0,1703.0
2016-08-26 13,7745.0,1703.0
2016-08-26 14,7745.0,1703.0
2016-08-26 15,7745.0,1703.0
2016-08-26 16,7745.0,1703.0
2016-08-26 17,7745.0,1703.0
2016-08-26 18,7745.0,1703.0
2016-08-26 19,7745.0,1703.0
2016-08-26 20,7745.0,1703.0
2016-08-26 21,7745.0,1703.0
2016-08-26 22,7745.0,1703.0
2016-08-26 23,7745.0,1703.0
2016-08-27 00,7745.0,1703.0
2016-08-27 01,7745.0,1703.0
2016-08-27 02,7745.0,1703.0
2016-08-27 03,7745.0,1703.0
2016-08-27 04,7745.0,1703.0
2016-08-27 05,7745.0,1703.0
2016-08-27 06,7745.0,1703.0
2016-08-27 07,7745.0,1703.0
2016-08-27 08,7745.0,1703.0
2016-08-27 09,7745.0,1703.0
2016-08-27 10,7745.0,1703.0
2016-08-27 11,7745.0,1703.0
2016-08-27 12,7745.0,1703.0
2016-08-27 13,7745.0,1703.0
2016-08-27 14,7745.0,1703.0
2016-08-27 15,7745.0,1703.0
2016-08-27 16,7745.0,1703.0
2016-08-27 17,7745.0,1703.0
2016-08-27 18,7745.0,1703.0
2016-08-27 19,7745.0,1703.0
2016-08-27 20,7745.0,1703.0
2016-08-27 21,7745.0,1703.0
2016-08-27 22,7745.0,1703.0
2016-08-27 23,7745.0,1703.0
2016-08-28 00,7745.0,1703.0
2016-08-28 01,7745.0,1703.0
2016-08-28 02,7749.0,1703.0
2016-08-28 03,7750.0,1703.0
2016-08-28 04,7750.0,1703.0
2016-08-28 05,7751.0,1703.0
2016-08-28 06,7752.0,1703.0
2016-08-28 07,7752.0,1703.0
2016-08-28 08,7752.0,1703.0
2016-08-28 09,7752.0,1703.0
2016-08-28 10,7752.0,1703.0
2016-08-28 11,7752.0,1703.0
2016-08-28 12,7752.0,1703.0
2016-08-28 13,7752.0,1703.0
2016-08-28 14,7753.0,1703.0
2016-08-28 15,7753.0,1703.0
2016-08-28 16,7753.0,1703.0
2016-08-28 17,7753.0,1703.0
2016-08-28 18,7753.0,1703.0
2016-08-28 19,7753.0,1703.0
2016-08-28 20,7753.0,1703.0
2016-08-28 21,7759.0,1703.0
2016-08-28 22,7759.0,1703.0
2016-08-28 23,7759.0,1703.0
2016-08-29 00,7759.0,1703.0
2016-08-29 01,7759.0,1703.0
2016-08-29 02,7759.0,1703.0
2016-08-29 03,7759.0,1703.0
2016-08-29 04,7759.0,1703.0
2016-08-29 05,7759.0,1703.0
2016-08-29 06,7759.0,1703.0
2016-08-29 07,7759.0,1703.0
2016-08-29 08,7759.0,1703.0
2016-08-29 09,7759.0,1703.0
2016-08-29 10,7759.0,1703.0
2016-08-29 11,7759.0,1703.0
2016-08-29 12,7759.0,1703.0
2016-08-29 13,7759.0,1703.0
2016-08-29 14,7759.0,1703.0
2016-08-29 15,7759.0,1703.0
2016-08-29 16,7759.0,1703.0
2016-08-29 17,7759.0,1703.0
2016-08-29 18,7759.0,1703.0
2016-08-29 19,7759.0,1703.0
2016-08-29 20,7759.0,1703.0
2016-08-29 21,7759.0,1703.0
2016-08-29 22,7759.0,1703.0
2016-08-29 23,7759.0,1703.0
2016-08-30 00,7759.0,1703.0
2016-08-30 01,7759.0,1703.0
2016-08-30 02,7759.0,1703.0
2016-08-30 03,7759.0,1703.0
2016-08-30 04,7759.0,1703.0
2016-08-30 05,7759.0,1703.0
2016-08-30 06,7759.0,1703.0
2016-08-30 07,7759.0,1703.0
2016-08-30 08,7759.0,1703.0
2016-08-30 09,7759.0,1703.0
2016-08-30 10,7759.0,1703.0
2016-08-30 11,7759.0,1703.0
2016-08-30 12,7759.0,1703.0
2016-08-30 13,7759.0,1703.0
2016-08-30 14,7759.0,1703.0
2016-08-30 15,7759.0,1703.0
2016-08-30 16,7759.0,1703.0
2016-08-30 17,7759.0,1703.0
2016-08-30 18,7759.0,1703.0
2016-08-30 19,7759.0,1703.0
2016-08-30 20,7759.0,1703.0
2016-08-30 21,7759.0,1703.0
2016-08-30 22,7759.0,1703.0
2016-08-30 23,7759.0,1703.0
2016-08-31 00,7759.0,1703.0
2016-08-31 01,7759.0,1703.0
2016-08-31 02,7759.0,1703.0
2016-08-31 03,7759.0,1703.0
2016-08-31 04,7759.0,1703.0
2016-08-31 05,7759.0,1703.0
2016-08-31 06,7759.0,1703.0
2016-08-31 07,7759.0,1703.0
2016-08-31 08,7759.0,1703.0
2016-08-31 09,7759.0,1703.0
2016-08-31 10,7759.0,1703.0
2016-08-31 11,7759.0,1703.0
2016-08-31 12,7759.0,1703.0
2016-08-31 13,7759.0,1703.0
2016-08-31 14,7760.0,1703.0
2016-08-31 15,7760.0,1703.0
2016-08-31 16,7760.0,1703.0
2016-08-31 17,7760.0,1703.0
2016-08-31 18,7760.0,1703.0
2016-08-31 19,7760.0,1703.0
2016-08-31 20,7760.0,1703.0
2016-08-31 21,7760.0,1703.0
2016-08-31 22,7760.0,1703.0
2016-08-31 23,7760.0,1703.0
2016-09-01 00,7760.0,1703.0
2016-09-01 01,7760.0,1703.0
2016-09-01 02,7760.0,1703.0
2016-09-01 03,7760.0,1703.0
2016-09-01 04,7760.0,1703.0
2016-09-01 05,7760.0,1703.0
2016-09-01 06,7760.0,1703.0
2016-09-01 07,7760.0,1703.0
2016-09-01 08,7760.0,1703.0
2016-09-01 09,7760.0,1703.0
2016-09-01 10,7760.0,1703.0
2016-09-01 11,7760.0,1703.0
2016-09-01 12,7760.0,1703.0
2016-09-01 13,7760.0,1703.0
2016-09-01 14,7760.0,1703.0
2016-09-01 15,7760.0,1703.0
2016-09-01 16,7760.0,1703.0
2016-09-01 17,7760.0,1703.0
2016-09-01 18,7760.0,1703.0
2016-09-01 19,7760.0,1703.0
2016-09-01 20,7760.0,1703.0
2016-09-01 21,7760.0,1703.0
2016-09-01 22,7760.0,1703.0
2016-09-01 23,7760.0,1703.0
2016-09-02 00,7760.0,1703.0
2016-09-02 01,7760.0,1703.0
2016-09-02 02,7760.0,1703.0
2016-09-02 03,7760.0,1703.0
2016-09-02 04,7760.0,1703.0
2016-09-02 05,7760.0,1703.0
2016-09-02 06,7760.0,1703.0
2016-09-02 07,7760.0,1703.0
2016-09-02 08,7760.0,1703.0
2016-09-02 09,7760.0,1703.0
2016-09-02 10,7760.0,1703.0
2016-09-02 11,7760.0,1703.0
2016-09-02 12,7760.0,1703.0
2016-09-02 13,7760.0,1703.0
2016-09-02 14,7760.0,1703.0
2016-09-02 15,7760.0,1703.0
2016-09-02 16,7761.0,1703.0
2016-09-02 17,7761.0,1703.0
2016-09-02 18,7761.0,1703.0
2016-09-02 19,7761.0,1703.0
2016-09-02 20,7761.0,1703.0
2016-09-02 21,7761.0,1703.0
2016-09-02 22,7761.0,1703.0
2016-09-02 23,7761.0,1703.0
2016-09-03 00,7761.0,1703.0
2016-09-03 01,7761.0,1703.0
2016-09-03 02,7761.0,1703.0
2016-09-03 03,7761.0,1703.0
2016-09-03 04,7761.0,1703.0
2016-09-03 05,7761.0,1703.0
2016-09-03 06,7761.0,1703.0
2016-09-03 07,7761.0,1703.0
2016-09-03 08,7761.0,1703.0
2016-09-03 09,7761.0,1703.0
2016-09-03 10,7761.0,1703.0
2016-09-03 11,7761.0,1703.0
2016-09-03 12,7761.0,1703.0
2016-09-03 13,7761.0,1703.0
2016-09-03 14,7761.0,1703.0
2016-09-03 15,7761.0,1703.0
2016-09-03 16,7761.0,1703.0
2016-09-03 17,7761.0,1703.0
2016-09-03 18,7761.0,1703.0
2016-09-03 19,7761.0,1703.0
2016-09-03 20,7761.0,1703.0
2016-09-03 21,7761.0,1703.0
2016-09-03 22,7761.0,1703.0
2016-09-03 23,7761.0,1703.0
2016-09-04 00,7761.0,1703.0
2016-09-04 01,7761.0,1703.0
2016-09-04 02,7761.0,1703.0
2016-09-04 03,7761.0,1703.0
2016-09-04 04,7761.0,1703.0
2016-09-04 05,7761.0,1703.0
2016-09-04 06,7761.0,1703.0
2016-09-04 07,7761.0,1703.0
2016-09-04 08,7761.0,1703.0
2016-09-04 09,7761.0,1703.0
2016-09-04 10,7761.0,1703.0
2016-09-04 11,7761.0,1703.0
2016-09-04 12,7761.0,1703.0
2016-09-04 13,7762.0,1703.0
2016-09-04 14,7762.0,1703.0
2016-09-04 15,7762.0,1703.0
2016-09-04 16,7762.0,1703.0
2016-09-04 17,7762.0,1703.0
2016-09-04 18,7762.0,1703.0
2016-09-04 19,7763.0,1703.0
2016-09-04 20,7763.0,1703.0
2016-09-04 21,7763.0,1703.0
2016-09-04 22,7764.0,1703.0
2016-09-04 23,7764.0,1703.0
2016-09-05 00,7764.0,1703.0
2016-09-05 01,7764.0,1703.0
2016-09-05 02,7764.0,1703.0
2016-09-05 03,7764.0,1703.0
2016-09-05 04,7764.0,1703.0
2016-09-05 05,7764.0,1703.0
2016-09-05 06,7764.0,1703.0
2016-09-05 07,7764.0,1703.0
2016-09-05 08,7764.0,1703.0
2016-09-05 09,7764.0,1703.0
2016-09-05 10,7764.0,1703.0
2016-09-05 11,7764.0,1703.0
2016-09-05 12,7764.0,1703.0
2016-09-05 13,7764.0,1703.0
2016-09-05 14,7765.0,1703.0
2016-09-05 15,7765.0,1703.0
2016-09-05 16,7765.0,1703.0
2016-09-05 17,7765.0,1703.0
2016-09-05 18,7765.0,1703.0
2016-09-05 19,7765.0,1703.0
2016-09-05 20,7765.0,1703.0
2016-09-05 21,7765.0,1703.0
2016-09-05 22,7765.0,1703.0
2016-09-05 23,7765.0,1703.0
2016-09-06 00,7765.0,1703.0
2016-09-06 01,7766.0,1703.0
2016-09-06 02,7766.0,1703.0
2016-09-06 03,7766.0,1703.0
2016-09-06 04,7766.0,1703.0
2016-09-06 05,7766.0,1703.0
2016-09-06 06,7766.0,1703.0
2016-09-06 07,7766.0,1703.0
2016-09-06 08,7766.0,1703.0
2016-09-06 09,7766.0,1703.0
2016-09-06 10,7766.0,1703.0
2016-09-06 11,7766.0,1703.0
2016-09-06 12,7766.0,1703.0
2016-09-06 13,7766.0,1703.0
2016-09-06 14,7766.0,1703.0
2016-09-06 15,7766.0,1703.0
2016-09-06 16,7766.0,1703.0
2016-09-06 17,7766.0,1703.0
2016-09-06 18,7766.0,1703.0
2016-09-06 19,7766.0,1703.0
2016-09-06 20,7766.0,1703.0
2016-09-06 21,7766.0,1703.0
2016-09-06 22,7766.0,1703.0
2016-09-06 23,7766.0,1703.0
2016-09-07 00,7766.0,1703.0
2016-09-07 01,7766.0,1703.0
2016-09-07 02,7766.0,1703.0
2016-09-07 03,7766.0,1703.0
2016-09-07 04,7766.0,1703.0
2016-09-07 05,7766.0,1703.0
2016-09-07 06,7766.0,1703.0
2016-09-07 07,7766.0,1703.0
2016-09-07 08,7766.0,1703.0
2016-09-07 09,7766.0,1703.0
2016-09-07 10,7766.0,1703.0
2016-09-07 11,7766.0,1703.0
2016-09-07 12,7766.0,1703.0
2016-09-07 13,7766.0,1703.0
2016-09-07 14,7766.0,1703.0
2016-09-07 15,7766.0,1703.0
2016-09-07 16,7766.0,1703.0
2016-09-07 17,7766.0,1703.0
2016-09-07 18,7766.0,1703.0
2016-09-07 19,7766.0,1703.0
2016-09-07 20,7766.0,1703.0
2016-09-07 21,7766.0,1703.0
2016-09-07 22,7766.0,1703.0
2016-09-07 23,7766.0,1703.0
2016-09-08 00,7766.0,1703.0
2016-09-08 01,7766.0,1703.0
2016-09-08 02,7766.0,1703.0
2016-09-08 03,7766.0,1703.0
2016-09-08 04,7766.0,1703.0
2016-09-08 05,7766.0,1703.0
2016-09-08 06,7766.0,1703.0
2016-09-08 07,7766.0,1703.0
2016-09-08 08,7766.0,1703.0
2016-09-08 09,7766.0,1703.0
2016-09-08 10,7766.0,1703.0
2016-09-08 11,7766.0,1703.0
2016-09-08 12,7766.0,1703.0
2016-09-08 13,7766.0,1703.0
2016-09-08 14,7766.0,1703.0
2016-09-08 15,7766.0,1703.0
2016-09-08 16,7766.0,1703.0
2016-09-08 17,7766.0,1703.0
2016-09-08 18,7766.0,1703.0
2016-09-08 19,7766.0,1703.0
2016-09-08 20,7766.0,1703.0
2016-09-08 21,7766.0,1703.0
2016-09-08 22,7766.0,1703.0
2016-09-08 23,7766.0,1703.0
2016-09-09 00,7766.0,1703.0
2016-09-09 01,7766.0,1703.0
2016-09-09 02,7766.0,1703.0
2016-09-09 03,7766.0,1703.0
2016-09-09 04,7766.0,1703.0
2016-09-09 05,7766.0,1703.0
2016-09-09 06,7766.0,1703.0
2016-09-09 07,7766.0,1703.0
2016-09-09 08,7766.0,1703.0
2016-09-09 09,7766.0,1703.0
2016-09-09 10,7766.0,1703.0
2016-09-09 11,7766.0,1703.0
2016-09-09 12,7766.0,1703.0
2016-09-09 13,7766.0,1703.0
2016-09-09 14,7766.0,1703.0
2016-09-09 15,7766.0,1703.0
2016-09-09 16,7766.0,1703.0
2016-09-09 17,7766.0,1703.0
2016-09-09 18,7766.0,1703.0
2016-09-09 19,7766.0,1703.0
2016-09-09 20,7766.0,1703.0
2016-09-09 21,7766.0,1703.0
2016-09-09 22,7766.0,1703.0
2016-09-09 23,7766.0,1703.0
2016-09-10 00,7766.0,1703.0
2016-09-10 01,7766.0,1703.0
2016-09-10 02,7766.0,1703.0
2016-09-10 03,7766.0,1703.0
2016-09-10 04,7766.0,1703.0
2016-09-10 05,7766.0,1703.0
2016-09-10 06,7766.0,1703.0
2016-09-10 07,7766.0,1703.0
2016-09-10 08,7766.0,1703.0
2016-09-10 09,7766.0,1703.0
2016-09-10 10,7766.0,1703.0
2016-09-10 11,7766.0,1703.0
2016-09-10 12,7766.0,1703.0
2016-09-10 13,7766.0,1703.0
2016-09-10 14,7766.0,1703.0
2016-09-10 15,7766.0,1703.0
2016-09-10 16,7766.0,1703.0
2016-09-10 17,7766.0,1703.0
2016-09-10 18,7766.0,1703.0
2016-09-10 19,7766.0,1703.0
2016-09-10 20,7766.0,1703.0
2016-09-10 21,7766.0,1703.0
2016-09-10 22,7766.0,1703.0
2016-09-10 23,7766.0,1703.0
2016-09-11 00,7766.0,1703.0
2016-09-11 01,7766.0,1703.0
2016-09-11 02,7766.0,1703.0
2016-09-11 03,7766.0,1703.0
2016-09-11 04,7766.0,1703.0
2016-09-11 05,7766.0,1703.0
2016-09-11 06,7766.0,1703.0
2016-09-11 07,7766.0,1703.0
2016-09-11 08,7766.0,1703.0
2016-09-11 09,7766.0,1703.0
2016-09-11 10,7766.0,1703.0
2016-09-11 11,7766.0,1703.0
2016-09-11 12,7766.0,1703.0
2016-09-11 13,7766.0,1703.0
2016-09-11 14,7766.0,1703.0
2016-09-11 15,7766.0,1703.0
2016-09-11 16,7766.0,1703.0
2016-09-11 17,7766.0,1703.0
2016-09-11 18,7766.0,1703.0
2016-09-11 19,7766.0,1703.0
2016-09-11 20,7766.0,1703.0
2016-09-11 21,7766.0,1703.0
2016-09-11 22,7766.0,1703.0
2016-09-11 23,7766.0,1703.0
2016-09-12 00,7767.0,1703.0
2016-09-12 01,7767.0,1703.0
2016-09-12 02,7767.0,1703.0
2016-09-12 03,7767.0,1703.0
2016-09-12 04,7767.0,1703.0
2016-09-12 05,7767.0,1703.0
2016-09-12 06,7767.0,1703.0
2016-09-12 07,7767.0,1703.0
2016-09-12 08,7767.0,1703.0
2016-09-12 09,7767.0,1703.0
2016-09-12 10,7767.0,1703.0
2016-09-12 11,7767.0,1703.0
2016-09-12 12,7767.0,1703.0
2016-09-12 13,7767.0,1703.0
2016-09-12 14,7767.0,1703.0
2016-09-12 15,7767.0,1703.0
2016-09-12 16,7767.0,1703.0
2016-09-12 17,7767.0,1703.0
2016-09-12 18,7767.0,1703.0
2016-09-12 19,7767.0,1703.0
2016-09-12 20,7767.0,1703.0
2016-09-12 21,7767.0,1703.0
2016-09-12 22,7767.0,1703.0
2016-09-12 23,7768.0,1703.0
2016-09-13 00,7768.0,1703.0
2016-09-13 01,7768.0,1703.0
2016-09-13 02,7768.0,1703.0
2016-09-13 03,7768.0,1703.0
2016-09-13 04,7768.0,1703.0
2016-09-13 05,7768.0,1703.0
2016-09-13 06,7768.0,1703.0
2016-09-13 07,7768.0,1703.0
2016-09-13 08,7768.0,1703.0
2016-09-13 09,7768.0,1703.0
2016-09-13 10,7768.0,1703.0
2016-09-13 11,7768.0,1703.0
2016-09-13 12,7768.0,1703.0
2016-09-13 13,7768.0,1703.0
2016-09-13 14,7768.0,1703.0
2016-09-13 15,7768.0,1703.0
2016-09-13 16,7770.0,1703.0
2016-09-13 17,7771.0,1703.0
2016-09-13 18,7772.0,1703.0
2016-09-13 19,7773.0,1703.0
2016-09-13 20,7773.0,1703.0
2016-09-13 21,7773.0,1703.0
2016-09-13 22,7774.0,1703.0
2016-09-13 23,7774.0,1703.0
2016-09-14 00,7774.0,1703.0
2016-09-14 01,7775.0,1703.0
2016-09-14 02,7775.0,1703.0
2016-09-14 03,7776.0,1703.0
2016-09-14 04,7784.0,1703.0
2016-09-14 05,7787.0,1703.0
2016-09-14 06,7787.0,1703.0
2016-09-14 07,7787.0,1703.0
2016-09-14 08,7787.0,1703.0
2016-09-14 09,7787.0,1703.0
2016-09-14 10,7787.0,1703.0
2016-09-14 11,7787.0,1703.0
2016-09-14 12,7787.0,1703.0
2016-09-14 13,7787.0,1703.0
2016-09-14 14,7788.0,1703.0
2016-09-14 15,7788.0,1703.0
2016-09-14 16,7788.0,1703.0
2016-09-14 17,7788.0,1703.0
2016-09-14 18,7788.0,1703.0
2016-09-14 19,7788.0,1703.0
2016-09-14 20,7788.0,1703.0
2016-09-14 21,7789.0,1703.0
2016-09-14 22,7789.0,1703.0
2016-09-14 23,7789.0,1703.0
2016-09-15 00,7789.0,1703.0
2016-09-15 01,7789.0,1703.0
2016-09-15 02,7789.0,1703.0
2016-09-15 03,7789.0,1703.0
2016-09-15 04,7789.0,1703.0
2016-09-15 05,7789.0,1703.0
2016-09-15 06,7789.0,1703.0
2016-09-15 07,7789.0,1703.0
2016-09-15 08,7789.0,1703.0
2016-09-15 09,7789.0,1703.0
2016-09-15 10,7789.0,1703.0
2016-09-15 11,7789.0,1703.0
2016-09-15 12,7789.0,1703.0
2016-09-15 13,7789.0,1703.0
2016-09-15 14,7789.0,1703.0
2016-09-15 15,7791.0,1703.0
2016-09-15 16,7791.0,1703.0
2016-09-15 17,7791.0,1703.0
2016-09-15 18,7791.0,1703.0
2016-09-15 19,7791.0,1703.0
2016-09-15 20,7791.0,1703.0
2016-09-15 21,7791.0,1703.0
2016-09-15 22,7791.0,1703.0
2016-09-15 23,7791.0,1703.0
2016-09-16 00,7791.0,1703.0
2016-09-16 01,7791.0,1703.0
2016-09-16 02,7791.0,1703.0
2016-09-16 03,7791.0,1703.0
2016-09-16 04,7791.0,1703.0
2016-09-16 05,7791.0,1703.0
2016-09-16 06,7791.0,1703.0
2016-09-16 07,7791.0,1703.0
2016-09-16 08,7791.0,1703.0
2016-09-16 09,7791.0,1703.0
2016-09-16 10,7791.0,1703.0
2016-09-16 11,7791.0,1703.0
2016-09-16 12,7791.0,1703.0
2016-09-16 13,7791.0,1703.0
2016-09-16 14,7791.0,1703.0
2016-09-16 15,7791.0,1703.0
2016-09-16 16,7791.0,1703.0
2016-09-16 17,7791.0,1703.0
2016-09-16 18,7791.0,1703.0
2016-09-16 19,7791.0,1703.0
2016-09-16 20,7791.0,1703.0
2016-09-16 21,7791.0,1703.0
2016-09-16 22,7791.0,1703.0
2016-09-16 23,7791.0,1703.0
2016-09-17 00,7791.0,1703.0
2016-09-17 01,7791.0,1703.0
2016-09-17 02,7791.0,1703.0
2016-09-17 03,7791.0,1703.0
2016-09-17 04,7791.0,1703.0
2016-09-17 05,7791.0,1703.0
2016-09-17 06,7791.0,1703.0
2016-09-17 07,7791.0,1703.0
2016-09-17 08,7791.0,1703.0
2016-09-17 09,7791.0,1703.0
2016-09-17 10,7791.0,1703.0
2016-09-17 11,7791.0,1703.0
2016-09-17 12,7791.0,1703.0
2016-09-17 13,7791.0,1703.0
2016-09-17 14,7791.0,1703.0
2016-09-17 15,7791.0,1703.0
2016-09-17 16,7792.0,1703.0
2016-09-17 17,7792.0,1703.0
2016-09-17 18,7792.0,1703.0
2016-09-17 19,7792.0,1703.0
2016-09-17 20,7792.0,1703.0
2016-09-17 21,7792.0,1703.0
2016-09-17 22,7792.0,1703.0
2016-09-17 23,7792.0,1703.0
2016-09-18 00,7792.0,1703.0
2016-09-18 01,7792.0,1703.0
2016-09-18 02,7792.0,1703.0
2016-09-18 03,7792.0,1703.0
2016-09-18 04,7792.0,1703.0
2016-09-18 05,7792.0,1703.0
2016-09-18 06,7792.0,1703.0
2016-09-18 07,7792.0,1703.0
2016-09-18 08,7792.0,1703.0
2016-09-18 09,7792.0,1703.0
2016-09-18 10,7792.0,1703.0
2016-09-18 11,7792.0,1703.0
2016-09-18 12,7792.0,1703.0
2016-09-18 13,7792.0,1703.0
2016-09-18 14,7796.0,1703.0
2016-09-18 15,7799.0,1703.0
2016-09-18 16,7799.0,1703.0
2016-09-18 17,7799.0,1703.0
2016-09-18 18,7800.0,1703.0
2016-09-18 19,7800.0,1703.0
2016-09-18 20,7800.0,1703.0
2016-09-18 21,7800.0,1703.0
2016-09-18 22,7800.0,1703.0
2016-09-18 23,7800.0,1703.0
2016-09-19 00,7800.0,1703.0
2016-09-19 01,7800.0,1703.0
2016-09-19 02,7803.0,1703.0
2016-09-19 03,7803.0,1703.0
2016-09-19 04,7803.0,1703.0
2016-09-19 05,7803.0,1703.0
2016-09-19 06,7803.0,1703.0
2016-09-19 07,7803.0,1703.0
2016-09-19 08,7803.0,1703.0
2016-09-19 09,7803.0,1703.0
2016-09-19 10,7803.0,1703.0
2016-09-19 11,7803.0,1703.0
2016-09-19 12,7803.0,1703.0
2016-09-19 13,7803.0,1703.0
2016-09-19 14,7803.0,1703.0
2016-09-19 15,7803.0,1703.0
2016-09-19 16,7803.0,1703.0
2016-09-19 17,7803.0,1703.0
2016-09-19 18,7804.0,1703.0
2016-09-19 19,7804.0,1703.0
2016-09-19 20,7804.0,1703.0
2016-09-19 21,7804.0,1703.0
2016-09-19 22,7805.0,1703.0
2016-09-19 23,7805.0,1703.0
2016-09-20 00,7805.0,1703.0
2016-09-20 01,7805.0,1703.0
2016-09-20 02,7805.0,1703.0
2016-09-20 03,7805.0,1703.0
2016-09-20 04,7805.0,1703.0
2016-09-20 05,7805.0,1703.0
2016-09-20 06,7805.0,1703.0
2016-09-20 07,7805.0,1703.0
2016-09-20 08,7805.0,1703.0
2016-09-20 09,7805.0,1703.0
2016-09-20 10,7805.0,1703.0
2016-09-20 11,7806.0,1703.0
2016-09-20 12,7806.0,1703.0
2016-09-20 13,7806.0,1703.0
2016-09-20 14,7806.0,1703.0
2016-09-20 15,7806.0,1703.0
2016-09-20 16,7806.0,1703.0
2016-09-20 17,7806.0,1703.0
2016-09-20 18,7806.0,1703.0
2016-09-20 19,7806.0,1703.0
2016-09-20 20,7806.0,1703.0
2016-09-20 21,7806.0,1703.0
2016-09-20 22,7806.0,1703.0
2016-09-20 23,7806.0,1703.0
2016-09-21 00,7806.0,1703.0
2016-09-21 01,7806.0,1703.0
2016-09-21 02,7806.0,1703.0
2016-09-21 03,7807.0,1703.0
2016-09-21 04,7807.0,1703.0
2016-09-21 05,7807.0,1703.0
2016-09-21 06,7807.0,1703.0
2016-09-21 07,7809.0,1703.0
2016-09-21 08,7812.0,1703.0
2016-09-21 09,7816.0,1703.0
2016-09-21 10,7816.0,1703.0
2016-09-21 11,7816.0,1703.0
2016-09-21 12,7816.0,1703.0
2016-09-21 13,7816.0,1703.0
2016-09-21 14,7817.0,1703.0
2016-09-21 15,7818.0,1703.0
2016-09-21 16,7818.0,1703.0
2016-09-21 17,7818.0,1703.0
2016-09-21 18,7818.0,1703.0
2016-09-21 19,7818.0,1703.0
2016-09-21 20,7818.0,1703.0
2016-09-21 21,7818.0,1703.0
2016-09-21 22,7818.0,1703.0
2016-09-21 23,7820.0,1703.0
2016-09-22 00,7828.0,1703.0
2016-09-22 01,7829.0,1703.0
2016-09-22 02,7831.0,1703.0
2016-09-22 03,7836.0,1704.0
2016-09-22 04,7837.0,1704.0
2016-09-22 05,7841.0,1704.0
2016-09-22 06,7842.0,1704.0
2016-09-22 07,7843.0,1704.0
2016-09-22 08,7849.0,1704.0
2016-09-22 09,7849.0,1704.0
2016-09-22 10,7850.0,1704.0
2016-09-22 11,7851.0,1704.0
2016-09-22 12,7861.0,1704.0
2016-09-22 13,7863.0,1704.0
2016-09-22 14,7867.0,1704.0
2016-09-22 15,7867.0,1704.0
2016-09-22 16,7870.0,1704.0
2016-09-22 17,7870.0,1704.0
2016-09-22 18,7871.0,1704.0
2016-09-22 19,7871.0,1704.0
2016-09-22 20,7871.0,1704.0
2016-09-22 21,7872.0,1704.0
2016-09-22 22,7873.0,1704.0
2016-09-22 23,7874.0,1704.0
2016-09-23 00,7875.0,1704.0
2016-09-23 01,7877.0,1704.0
2016-09-23 02,7879.0,1704.0
2016-09-23 03,7882.0,1704.0
2016-09-23 04,7882.0,1704.0
2016-09-23 05,7882.0,1704.0
2016-09-23 06,7882.0,1704.0
2016-09-23 07,7882.0,1704.0
2016-09-23 08,7882.0,1704.0
2016-09-23 09,7882.0,1704.0
2016-09-23 10,7883.0,1704.0
2016-09-23 11,7883.0,1704.0
2016-09-23 12,7883.0,1704.0
2016-09-23 13,7884.0,1704.0
2016-09-23 14,7887.0,1704.0
2016-09-23 15,7887.0,1704.0
2016-09-23 16,7888.0,1704.0
2016-09-23 17,7888.0,1704.0
2016-09-23 18,7888.0,1704.0
2016-09-23 19,7889.0,1704.0
2016-09-23 20,7890.0,1704.0
2016-09-23 21,7890.0,1704.0
2016-09-23 22,7890.0,1704.0
2016-09-23 23,7890.0,1704.0
2016-09-24 00,7890.0,1704.0
2016-09-24 01,7890.0,1704.0
2016-09-24 02,7891.0,1704.0
2016-09-24 03,7891.0,1704.0
2016-09-24 04,7891.0,1704.0
2016-09-24 05,7891.0,1704.0
2016-09-24 06,7891.0,1704.0
2016-09-24 07,7892.0,1704.0
2016-09-24 08,7892.0,1704.0
2016-09-24 09,7892.0,1704.0
2016-09-24 10,7892.0,1704.0
2016-09-24 11,7892.0,1704.0
2016-09-24 12,7892.0,1704.0
2016-09-24 13,7892.0,1704.0
2016-09-24 14,7892.0,1704.0
2016-09-24 15,7893.0,1704.0
2016-09-24 16,7895.0,1704.0
2016-09-24 17,7895.0,1704.0
2016-09-24 18,7896.0,1704.0
2016-09-24 19,7896.0,1704.0
2016-09-24 20,7897.0,1704.0
2016-09-24 21,7898.0,1704.0
2016-09-24 22,7898.0,1704.0
2016-09-24 23,7898.0,1704.0
2016-09-25 00,7917.0,1704.0
2016-09-25 01,7927.0,1704.0
2016-09-25 02,7927.0,1704.0
2016-09-25 03,7927.0,1704.0
2016-09-25 04,7928.0,1704.0
2016-09-25 05,7928.0,1704.0
2016-09-25 06,7928.0,1704.0
2016-09-25 07,7928.0,1704.0
2016-09-25 08,7928.0,1704.0
2016-09-25 09,7928.0,1704.0
2016-09-25 10,7928.0,1704.0
2016-09-25 11,7929.0,1704.0
2016-09-25 12,7929.0,1704.0
2016-09-25 13,7929.0,1704.0
2016-09-25 14,7929.0,1704.0
2016-09-25 15,7930.0,1705.0
2016-09-25 16,7930.0,1705.0
2016-09-25 17,7931.0,1705.0
2016-09-25 18,7931.0,1705.0
2016-09-25 19,7931.0,1705.0
2016-09-25 20,7931.0,1705.0
2016-09-25 21,7931.0,1705.0
2016-09-25 22,7931.0,1705.0
2016-09-25 23,7931.0,1705.0
2016-09-26 00,7931.0,1705.0
2016-09-26 01,7932.0,1705.0
2016-09-26 02,7932.0,1705.0
2016-09-26 03,7932.0,1705.0
2016-09-26 04,7932.0,1705.0
2016-09-26 05,7932.0,1705.0
2016-09-26 06,7932.0,1705.0
2016-09-26 07,7932.0,1705.0
2016-09-26 08,7932.0,1705.0
2016-09-26 09,7932.0,1705.0
2016-09-26 10,7932.0,1705.0
2016-09-26 11,7932.0,1705.0
2016-09-26 12,7933.0,1705.0
2016-09-26 13,7933.0,1705.0
2016-09-26 14,7933.0,1705.0
2016-09-26 15,7933.0,1705.0
2016-09-26 16,7933.0,1705.0
2016-09-26 17,7933.0,1705.0
2016-09-26 18,7933.0,1705.0
2016-09-26 19,7933.0,1705.0
2016-09-26 20,7933.0,1705.0
2016-09-26 21,7933.0,1705.0
2016-09-26 22,7933.0,1705.0
2016-09-26 23,7933.0,1705.0
2016-09-27 00,7933.0,1705.0
2016-09-27 01,7933.0,1705.0
2016-09-27 02,7933.0,1705.0
2016-09-27 03,7933.0,1705.0
2016-09-27 04,7933.0,1705.0
2016-09-27 05,7933.0,1705.0
2016-09-27 06,7933.0,1705.0
2016-09-27 07,7933.0,1705.0
2016-09-27 08,7933.0,1705.0
2016-09-27 09,7933.0,1705.0
2016-09-27 10,7933.0,1705.0
2016-09-27 11,7933.0,1705.0
2016-09-27 12,7933.0,1705.0
2016-09-27 13,7933.0,1705.0
2016-09-27 14,7933.0,1705.0
2016-09-27 15,7933.0,1705.0
2016-09-27 16,7933.0,1705.0
2016-09-27 17,7933.0,1705.0
2016-09-27 18,7933.0,1705.0
2016-09-27 19,7933.0,1705.0
2016-09-27 20,7933.0,1705.0
2016-09-27 21,7933.0,1705.0
2016-09-27 22,7933.0,1705.0
2016-09-27 23,7933.0,1705.0
2016-09-28 00,7933.0,1705.0
2016-09-28 01,7933.0,1705.0
2016-09-28 02,7933.0,1705.0
2016-09-28 03,7933.0,1705.0
2016-09-28 04,7933.0,1705.0
2016-09-28 05,7933.0,1705.0
2016-09-28 06,7933.0,1705.0
2016-09-28 07,7933.0,1705.0
2016-09-28 08,7933.0,1705.0
2016-09-28 09,7934.0,1705.0
2016-09-28 10,7934.0,1705.0
2016-09-28 11,7934.0,1705.0
2016-09-28 12,7934.0,1705.0
2016-09-28 13,7934.0,1705.0
2016-09-28 14,7934.0,1705.0
2016-09-28 15,7934.0,1705.0
2016-09-28 16,7934.0,1705.0
2016-09-28 17,7934.0,1705.0
2016-09-28 18,7934.0,1705.0
2016-09-28 19,7934.0,1705.0
2016-09-28 20,7934.0,1705.0
2016-09-28 21,7934.0,1705.0
2016-09-28 22,7934.0,1705.0
2016-09-28 23,7934.0,1705.0
2016-09-29 00,7934.0,1705.0
2016-09-29 01,7934.0,1705.0
2016-09-29 02,7934.0,1705.0
2016-09-29 03,7934.0,1705.0
2016-09-29 04,7934.0,1705.0
2016-09-29 05,7934.0,1705.0
2016-09-29 06,7934.0,1705.0
2016-09-29 07,7934.0,1705.0
2016-09-29 08,7934.0,1705.0
2016-09-29 09,7934.0,1705.0
2016-09-29 10,7934.0,1705.0
2016-09-29 11,7934.0,1705.0
2016-09-29 12,7934.0,1705.0
2016-09-29 13,7934.0,1705.0
2016-09-29 14,7934.0,1705.0
2016-09-29 15,7934.0,1705.0
2016-09-29 16,7934.0,1705.0
2016-09-29 17,7934.0,1705.0
2016-09-29 18,7934.0,1705.0
2016-09-29 19,7934.0,1705.0
2016-09-29 20,7934.0,1705.0
2016-09-29 21,7934.0,1705.0
2016-09-29 22,7934.0,1705.0
2016-09-29 23,7934.0,1705.0
2016-09-30 00,7934.0,1705.0
2016-09-30 01,7934.0,1705.0
2016-09-30 02,7934.0,1705.0
2016-09-30 03,7934.0,1705.0
2016-09-30 04,7934.0,1705.0
2016-09-30 05,7934.0,1705.0
2016-09-30 06,7934.0,1705.0
2016-09-30 07,7934.0,1705.0
2016-09-30 08,7934.0,1705.0
2016-09-30 09,7934.0,1705.0
2016-09-30 10,7934.0,1705.0
2016-09-30 11,7934.0,1705.0
2016-09-30 12,7934.0,1705.0
2016-09-30 13,7934.0,1705.0
2016-09-30 14,7934.0,1705.0
2016-09-30 15,7934.0,1705.0
2016-09-30 16,7934.0,1705.0
2016-09-30 17,7934.0,1705.0
2016-09-30 18,7934.0,1705.0
2016-09-30 19,7934.0,1705.0
2016-09-30 20,7934.0,1705.0
2016-09-30 21,7934.0,1705.0
2016-09-30 22,7934.0,1705.0
2016-09-30 23,7934.0,1705.0
2016-10-01 00,7934.0,1705.0
2016-10-01 01,7934.0,1705.0
2016-10-01 02,7934.0,1705.0
2016-10-01 03,7934.0,1705.0
2016-10-01 04,7934.0,1705.0
2016-10-01 05,7934.0,1705.0
2016-10-01 06,7934.0,1705.0
2016-10-01 07,7934.0,1705.0
2016-10-01 08,7934.0,1705.0
2016-10-01 09,7934.0,1705.0
2016-10-01 10,7934.0,1705.0
2016-10-01 11,7934.0,1705.0
2016-10-01 12,7934.0,1705.0
2016-10-01 13,7934.0,1705.0
2016-10-01 14,7934.0,1705.0
2016-10-01 15,7934.0,1705.0
2016-10-01 16,7934.0,1705.0
2016-10-01 17,7934.0,1705.0
2016-10-01 18,7934.0,1705.0
2016-10-01 19,7934.0,1705.0
2016-10-01 20,7934.0,1705.0
2016-10-01 21,7934.0,1705.0
2016-10-01 22,7934.0,1705.0
2016-10-01 23,7934.0,1705.0
2016-10-02 00,7934.0,1705.0
2016-10-02 01,7934.0,1705.0
2016-10-02 02,7934.0,1705.0
2016-10-02 03,7934.0,1705.0
2016-10-02 04,7934.0,1705.0
2016-10-02 05,7934.0,1705.0
2016-10-02 06,7934.0,1705.0
2016-10-02 07,7934.0,1705.0
2016-10-02 08,7934.0,1705.0
2016-10-02 09,7934.0,1705.0
2016-10-02 10,7934.0,1705.0
2016-10-02 11,7934.0,1705.0
2016-10-02 12,7934.0,1705.0
2016-10-02 13,7934.0,1705.0
2016-10-02 14,7934.0,1705.0
2016-10-02 15,7934.0,1705.0
2016-10-02 16,7934.0,1705.0
2016-10-02 17,7934.0,1705.0
2016-10-02 18,7934.0,1705.0
2016-10-02 19,7934.0,1705.0
2016-10-02 20,7934.0,1705.0
2016-10-02 21,7934.0,1705.0
2016-10-02 22,7934.0,1705.0
2016-10-02 23,7934.0,1705.0
2016-10-03 00,7934.0,1705.0
2016-10-03 01,7934.0,1705.0
2016-10-03 02,7934.0,1705.0
2016-10-03 03,7934.0,1705.0
2016-10-03 04,7934.0,1705.0
2016-10-03 05,7934.0,1705.0
2016-10-03 06,7934.0,1705.0
2016-10-03 07,7934.0,1705.0
2016-10-03 08,7934.0,1705.0
2016-10-03 09,7934.0,1705.0
2016-10-03 10,7934.0,1705.0
2016-10-03 11,7934.0,1705.0
2016-10-03 12,7934.0,1705.0
2016-10-03 13,7934.0,1705.0
2016-10-03 14,7934.0,1705.0
2016-10-03 15,7934.0,1705.0
2016-10-03 16,7934.0,1705.0
2016-10-03 17,7934.0,1705.0
2016-10-03 18,7934.0,1705.0
2016-10-03 19,7934.0,1705.0
2016-10-03 20,7934.0,1705.0
2016-10-03 21,7934.0,1705.0
2016-10-03 22,7934.0,1705.0
2016-10-03 23,7934.0,1705.0
2016-10-04 00,7934.0,1705.0
2016-10-04 01,7934.0,1705.0
2016-10-04 02,7934.0,1705.0
2016-10-04 03,7934.0,1705.0
2016-10-04 04,7934.0,1705.0
2016-10-04 05,7934.0,1705.0
2016-10-04 06,7934.0,1705.0
2016-10-04 07,7934.0,1705.0
2016-10-04 08,7934.0,1705.0
2016-10-04 09,7934.0,1705.0
2016-10-04 10,7934.0,1705.0
2016-10-04 11,7934.0,1705.0
2016-10-04 12,7934.0,1705.0
2016-10-04 13,7934.0,1705.0
2016-10-04 14,7934.0,1705.0
2016-10-04 15,7934.0,1705.0
2016-10-04 16,7934.0,1705.0
2016-10-04 17,7934.0,1705.0
2016-10-04 18,7934.0,1705.0
2016-10-04 19,7934.0,1705.0
2016-10-04 20,7934.0,1705.0
2016-10-04 21,7934.0,1705.0
2016-10-04 22,7934.0,1705.0
2016-10-04 23,7934.0,1705.0
2016-10-05 00,7934.0,1705.0
2016-10-05 01,7934.0,1705.0
2016-10-05 02,7934.0,1705.0
2016-10-05 03,7934.0,1705.0
2016-10-05 04,7934.0,1705.0
2016-10-05 05,7934.0,1705.0
2016-10-05 06,7934.0,1705.0
2016-10-05 07,7934.0,1705.0
2016-10-05 08,7934.0,1705.0
2016-10-05 09,7934.0,1705.0
2016-10-05 10,7934.0,1705.0
2016-10-05 11,7934.0,1705.0
2016-10-05 12,7934.0,1705.0
2016-10-05 13,7934.0,1705.0
2016-10-05 14,7934.0,1705.0
2016-10-05 15,7934.0,1705.0
2016-10-05 16,7934.0,1705.0
2016-10-05 17,7934.0,1705.0
2016-10-05 18,7934.0,1705.0
2016-10-05 19,7934.0,1705.0
2016-10-05 20,7934.0,1705.0
2016-10-05 21,7934.0,1705.0
2016-10-05 22,7934.0,1705.0
2016-10-05 23,7934.0,1705.0
2016-10-06 00,7934.0,1705.0
2016-10-06 01,7934.0,1705.0
2016-10-06 02,7934.0,1705.0
2016-10-06 03,7934.0,1705.0
2016-10-06 04,7934.0,1705.0
2016-10-06 05,7934.0,1705.0
2016-10-06 06,7934.0,1705.0
2016-10-06 07,7934.0,1705.0
2016-10-06 08,7934.0,1705.0
2016-10-06 09,7934.0,1705.0
2016-10-06 10,7934.0,1705.0
2016-10-06 11,7934.0,1705.0
2016-10-06 12,7934.0,1705.0
2016-10-06 13,7934.0,1705.0
2016-10-06 14,7934.0,1705.0
2016-10-06 15,7934.0,1705.0
2016-10-06 16,7934.0,1705.0
2016-10-06 17,7934.0,1705.0
2016-10-06 18,7934.0,1705.0
2016-10-06 19,7934.0,1705.0
2016-10-06 20,7934.0,1705.0
2016-10-06 21,7934.0,1705.0
2016-10-06 22,7934.0,1705.0
2016-10-06 23,7934.0,1705.0
2016-10-07 00,7934.0,1705.0
2016-10-07 01,7934.0,1705.0
2016-10-07 02,7934.0,1705.0
2016-10-07 03,7934.0,1705.0
2016-10-07 04,7934.0,1705.0
2016-10-07 05,7934.0,1705.0
2016-10-07 06,7934.0,1705.0
2016-10-07 07,7934.0,1705.0
2016-10-07 08,7934.0,1705.0
2016-10-07 09,7934.0,1705.0
2016-10-07 10,7934.0,1705.0
2016-10-07 11,7934.0,1705.0
2016-10-07 12,7934.0,1705.0
2016-10-07 13,7934.0,1705.0
2016-10-07 14,7934.0,1705.0
2016-10-07 15,7934.0,1705.0
2016-10-07 16,7934.0,1705.0
2016-10-07 17,7934.0,1705.0
2016-10-07 18,7934.0,1705.0
2016-10-07 19,7934.0,1705.0
2016-10-07 20,7934.0,1705.0
2016-10-07 21,7934.0,1705.0
2016-10-07 22,7934.0,1705.0
2016-10-07 23,7934.0,1705.0
2016-10-08 00,7934.0,1705.0
2016-10-08 01,7934.0,1705.0
2016-10-08 02,7934.0,1705.0
2016-10-08 03,7934.0,1705.0
2016-10-08 04,7934.0,1705.0
2016-10-08 05,7934.0,1705.0
2016-10-08 06,7934.0,1705.0
2016-10-08 07,7934.0,1705.0
2016-10-08 08,7934.0,1705.0
2016-10-08 09,7934.0,1705.0
2016-10-08 10,7934.0,1705.0
2016-10-08 11,7934.0,1705.0
2016-10-08 12,7934.0,1705.0
2016-10-08 13,7934.0,1705.0
2016-10-08 14,7934.0,1705.0
2016-10-08 15,7934.0,1705.0
2016-10-08 16,7934.0,1705.0
2016-10-08 17,7934.0,1705.0
2016-10-08 18,7934.0,1705.0
2016-10-08 19,7934.0,1705.0
2016-10-08 20,7934.0,1705.0
2016-10-08 21,7934.0,1705.0
2016-10-08 22,7934.0,1705.0
2016-10-08 23,7934.0,1705.0
2016-10-09 00,7934.0,1705.0
2016-10-09 01,7934.0,1705.0
2016-10-09 02,7934.0,1705.0
2016-10-09 03,7934.0,1705.0
2016-10-09 04,7934.0,1705.0
2016-10-09 05,7934.0,1705.0
2016-10-09 06,7934.0,1705.0
2016-10-09 07,7934.0,1705.0
2016-10-09 08,7934.0,1705.0
2016-10-09 09,7934.0,1705.0
2016-10-09 10,7934.0,1705.0
2016-10-09 11,7934.0,1705.0
2016-10-09 12,7934.0,1705.0
2016-10-09 13,7934.0,1705.0
2016-10-09 14,7934.0,1705.0
2016-10-09 15,7934.0,1705.0
2016-10-09 16,7934.0,1705.0
2016-10-09 17,7934.0,1705.0
2016-10-09 18,7934.0,1705.0
2016-10-09 19,7934.0,1705.0
2016-10-09 20,7934.0,1705.0
2016-10-09 21,7934.0,1705.0
2016-10-09 22,7934.0,1705.0
2016-10-09 23,7934.0,1705.0
2016-10-10 00,7934.0,1705.0
2016-10-10 01,7934.0,1705.0
2016-10-10 02,7934.0,1705.0
2016-10-10 03,7934.0,1705.0
2016-10-10 04,7934.0,1705.0
2016-10-10 05,7934.0,1705.0
2016-10-10 06,7934.0,1705.0
2016-10-10 07,7934.0,1705.0
2016-10-10 08,7934.0,1705.0
2016-10-10 09,7934.0,1705.0
2016-10-10 10,7934.0,1705.0
2016-10-10 11,7934.0,1705.0
2016-10-10 12,7934.0,1705.0
2016-10-10 13,7934.0,1705.0
2016-10-10 14,7934.0,1705.0
2016-10-10 15,7934.0,1705.0
2016-10-10 16,7934.0,1705.0
2016-10-10 17,7934.0,1705.0
2016-10-10 18,7934.0,1705.0
2016-10-10 19,7934.0,1705.0
2016-10-10 20,7934.0,1705.0
2016-10-10 21,7934.0,1705.0
2016-10-10 22,7934.0,1705.0
2016-10-10 23,7934.0,1705.0
2016-10-11 00,7934.0,1705.0
2016-10-11 01,7934.0,1705.0
2016-10-11 02,7934.0,1705.0
2016-10-11 03,7934.0,1705.0
2016-10-11 04,7934.0,1705.0
2016-10-11 05,7934.0,1705.0
2016-10-11 06,7934.0,1705.0
2016-10-11 07,7934.0,1705.0
2016-10-11 08,7934.0,1705.0
2016-10-11 09,7934.0,1705.0
2016-10-11 10,7934.0,1705.0
2016-10-11 11,7935.0,1705.0
2016-10-11 12,7935.0,1705.0
2016-10-11 13,7935.0,1705.0
2016-10-11 14,7935.0,1705.0
2016-10-11 15,7935.0,1705.0
2016-10-11 16,7935.0,1705.0
2016-10-11 17,7935.0,1705.0
2016-10-11 18,7935.0,1705.0
2016-10-11 19,7935.0,1705.0
2016-10-11 20,7935.0,1705.0
2016-10-11 21,7935.0,1705.0
2016-10-11 22,7935.0,1705.0
2016-10-11 23,7935.0,1705.0
2016-10-12 00,7935.0,1705.0
2016-10-12 01,7935.0,1705.0
2016-10-12 02,7935.0,1705.0
2016-10-12 03,7935.0,1705.0
2016-10-12 04,7935.0,1705.0
2016-10-12 05,7935.0,1705.0
2016-10-12 06,7935.0,1705.0
2016-10-12 07,7935.0,1705.0
2016-10-12 08,7935.0,1705.0
2016-10-12 09,7935.0,1705.0
2016-10-12 10,7935.0,1705.0
2016-10-12 11,7935.0,1705.0
2016-10-12 12,7935.0,1705.0
2016-10-12 13,7935.0,1705.0
2016-10-12 14,7935.0,1705.0
2016-10-12 15,7935.0,1705.0
2016-10-12 16,7935.0,1705.0
2016-10-12 17,7935.0,1705.0
2016-10-12 18,7935.0,1705.0
2016-10-12 19,7935.0,1705.0
2016-10-12 20,7935.0,1705.0
2016-10-12 21,7935.0,1705.0
2016-10-12 22,7935.0,1705.0
2016-10-12 23,7935.0,1705.0
2016-10-13 00,7935.0,1705.0
2016-10-13 01,7935.0,1705.0
2016-10-13 02,7935.0,1705.0
2016-10-13 03,7935.0,1705.0
2016-10-13 04,7935.0,1705.0
2016-10-13 05,7935.0,1705.0
2016-10-13 06,7935.0,1705.0
2016-10-13 07,7935.0,1705.0
2016-10-13 08,7935.0,1705.0
2016-10-13 09,7935.0,1705.0
2016-10-13 10,7935.0,1705.0
2016-10-13 11,7935.0,1705.0
2016-10-13 12,7935.0,1705.0
2016-10-13 13,7937.0,1705.0
2016-10-13 14,7937.0,1705.0
2016-10-13 15,7937.0,1705.0
2016-10-13 16,7937.0,1705.0
2016-10-13 17,7937.0,1705.0
2016-10-13 18,7937.0,1705.0
2016-10-13 19,7937.0,1705.0
2016-10-13 20,7937.0,1705.0
2016-10-13 21,7937.0,1705.0
2016-10-13 22,7937.0,1705.0
2016-10-13 23,7937.0,1705.0
2016-10-14 00,7937.0,1705.0
2016-10-14 01,7937.0,1705.0
2016-10-14 02,7937.0,1705.0
2016-10-14 03,7937.0,1705.0
2016-10-14 04,7937.0,1705.0
2016-10-14 05,7937.0,1705.0
2016-10-14 06,7937.0,1705.0
2016-10-14 07,7937.0,1705.0
2016-10-14 08,7937.0,1705.0
2016-10-14 09,7937.0,1705.0
2016-10-14 10,7937.0,1705.0
2016-10-14 11,7937.0,1705.0
2016-10-14 12,7937.0,1705.0
2016-10-14 13,7937.0,1705.0
2016-10-14 14,7937.0,1705.0
2016-10-14 15,7937.0,1705.0
2016-10-14 16,7937.0,1705.0
2016-10-14 17,7937.0,1705.0
2016-10-14 18,7937.0,1705.0
2016-10-14 19,7937.0,1705.0
2016-10-14 20,7937.0,1705.0
2016-10-14 21,7937.0,1705.0
2016-10-14 22,7937.0,1705.0
2016-10-14 23,7937.0,1705.0
2016-10-15 00,7937.0,1705.0
2016-10-15 01,7937.0,1705.0
2016-10-15 02,7937.0,1705.0
2016-10-15 03,7937.0,1705.0
2016-10-15 04,7937.0,1705.0
2016-10-15 05,7937.0,1705.0
2016-10-15 06,7937.0,1705.0
2016-10-15 07,7937.0,1705.0
2016-10-15 08,7937.0,1705.0
2016-10-15 09,7937.0,1705.0
2016-10-15 10,7937.0,1705.0
2016-10-15 11,7937.0,1705.0
2016-10-15 12,7937.0,1705.0
2016-10-15 13,7937.0,1705.0
2016-10-15 14,7937.0,1705.0
2016-10-15 15,7937.0,1705.0
2016-10-15 16,7937.0,1705.0
2016-10-15 17,7937.0,1705.0
2016-10-15 18,7937.0,1705.0
2016-10-15 19,7937.0,1705.0
2016-10-15 20,7937.0,1705.0
2016-10-15 21,7937.0,1705.0
2016-10-15 22,7937.0,1705.0
2016-10-15 23,7937.0,1705.0
2016-10-16 00,7937.0,1705.0
2016-10-16 01,7937.0,1705.0
2016-10-16 02,7937.0,1705.0
2016-10-16 03,7937.0,1705.0
2016-10-16 04,7937.0,1705.0
2016-10-16 05,7937.0,1705.0
2016-10-16 06,7937.0,1705.0
2016-10-16 07,7937.0,1705.0
2016-10-16 08,7937.0,1705.0
2016-10-16 09,7937.0,1705.0
2016-10-16 10,7937.0,1705.0
2016-10-16 11,7937.0,1705.0
2016-10-16 12,7939.0,1705.0
2016-10-16 13,7939.0,1705.0
2016-10-16 14,7939.0,1705.0
2016-10-16 15,7939.0,1705.0
2016-10-16 16,7939.0,1705.0
2016-10-16 17,7939.0,1705.0
2016-10-16 18,7939.0,1705.0
2016-10-16 19,7940.0,1705.0
2016-10-16 20,7941.0,1705.0
2016-10-16 21,7942.0,1705.0
2016-10-16 22,7942.0,1705.0
2016-10-16 23,7942.0,1705.0
2016-10-17 00,7942.0,1705.0
2016-10-17 01,7945.0,1705.0
2016-10-17 02,7946.0,1705.0
2016-10-17 03,7947.0,1705.0
2016-10-17 04,7947.0,1705.0
2016-10-17 05,7947.0,1705.0
2016-10-17 06,7947.0,1705.0
2016-10-17 07,7947.0,1705.0
2016-10-17 08,7947.0,1705.0
2016-10-17 09,7947.0,1705.0
2016-10-17 10,7947.0,1705.0
2016-10-17 11,7947.0,1705.0
2016-10-17 12,7947.0,1705.0
2016-10-17 13,7947.0,1705.0
2016-10-17 14,7947.0,1705.0
2016-10-17 15,7947.0,1705.0
2016-10-17 16,7947.0,1705.0
2016-10-17 17,7947.0,1705.0
2016-10-17 18,7947.0,1705.0
2016-10-17 19,7947.0,1705.0
2016-10-17 20,7947.0,1705.0
2016-10-17 21,7947.0,1705.0
2016-10-17 22,7947.0,1705.0
2016-10-17 23,7947.0,1705.0
2016-10-18 00,7947.0,1705.0
2016-10-18 01,7947.0,1705.0
2016-10-18 02,7947.0,1705.0
2016-10-18 03,7947.0,1705.0
2016-10-18 04,7947.0,1705.0
2016-10-18 05,7947.0,1705.0
2016-10-18 06,7947.0,1705.0
2016-10-18 07,7947.0,1705.0
2016-10-18 08,7947.0,1705.0
2016-10-18 09,7947.0,1705.0
2016-10-18 10,7947.0,1705.0
2016-10-18 11,7948.0,1705.0
2016-10-18 12,7949.0,1705.0
2016-10-18 13,7950.0,1705.0
2016-10-18 14,7950.0,1705.0
2016-10-18 15,7950.0,1705.0
2016-10-18 16,7950.0,1705.0
2016-10-18 17,7950.0,1705.0
2016-10-18 18,7950.0,1705.0
2016-10-18 19,7950.0,1705.0
2016-10-18 20,7950.0,1705.0
2016-10-18 21,7950.0,1705.0
2016-10-18 22,7950.0,1705.0
2016-10-18 23,7950.0,1705.0
2016-10-19 00,7950.0,1705.0
2016-10-19 01,7950.0,1705.0
2016-10-19 02,7950.0,1705.0
2016-10-19 03,7950.0,1705.0
2016-10-19 04,7951.0,1705.0
2016-10-19 05,7951.0,1705.0
2016-10-19 06,7951.0,1705.0
2016-10-19 07,7951.0,1705.0
2016-10-19 08,7951.0,1705.0
2016-10-19 09,7951.0,1705.0
2016-10-19 10,7951.0,1705.0
2016-10-19 11,7951.0,1705.0
2016-10-19 12,7951.0,1705.0
2016-10-19 13,7951.0,1705.0
2016-10-19 14,7951.0,1705.0
2016-10-19 15,7951.0,1705.0
2016-10-19 16,7953.0,1705.0
2016-10-19 17,7953.0,1705.0
2016-10-19 18,7953.0,1705.0
2016-10-19 19,7953.0,1705.0
2016-10-19 20,7953.0,1705.0
2016-10-19 21,7954.0,1705.0
2016-10-19 22,7955.0,1705.0
2016-10-19 23,7956.0,1705.0
2016-10-20 00,7956.0,1705.0
2016-10-20 01,7956.0,1705.0
2016-10-20 02,7956.0,1705.0
2016-10-20 03,7957.0,1705.0
2016-10-20 04,7957.0,1705.0
2016-10-20 05,7957.0,1705.0
2016-10-20 06,7958.0,1705.0
2016-10-20 07,7958.0,1705.0
2016-10-20 08,7958.0,1705.0
2016-10-20 09,7958.0,1705.0
2016-10-20 10,7958.0,1705.0
2016-10-20 11,7958.0,1705.0
2016-10-20 12,7958.0,1705.0
2016-10-20 13,7958.0,1705.0
2016-10-20 14,7958.0,1705.0
2016-10-20 15,7958.0,1705.0
2016-10-20 16,7959.0,1705.0
2016-10-20 17,7960.0,1705.0
2016-10-20 18,7960.0,1705.0
2016-10-20 19,7963.0,1705.0
2016-10-20 20,7963.0,1705.0
2016-10-20 21,7963.0,1705.0
2016-10-20 22,7963.0,1705.0
2016-10-20 23,7963.0,1705.0
2016-10-21 00,7963.0,1705.0
2016-10-21 01,7963.0,1705.0
2016-10-21 02,7963.0,1705.0
2016-10-21 03,7963.0,1705.0
2016-10-21 04,7963.0,1705.0
2016-10-21 05,7963.0,1705.0
2016-10-21 06,7963.0,1705.0
2016-10-21 07,7963.0,1705.0
2016-10-21 08,7963.0,1705.0
2016-10-21 09,7963.0,1705.0
2016-10-21 10,7963.0,1705.0
2016-10-21 11,7964.0,1705.0
2016-10-21 12,7964.0,1705.0
2016-10-21 13,7965.0,1705.0
2016-10-21 14,7965.0,1705.0
2016-10-21 15,7966.0,1705.0
2016-10-21 16,7980.0,1705.0
2016-10-21 17,7981.0,1705.0
2016-10-21 18,7981.0,1705.0
2016-10-21 19,7983.0,1705.0
2016-10-21 20,7984.0,1705.0
